,235934_at,1552729_at,1558474_at,1556314_a_at,236807_at,234972_at,210387_at,207024_at,207790_at,217493_x_at,202254_at,34449_at,239843_at,1557483_at,46665_at,202481_at,216338_s_at,231497_at,214066_x_at,233846_at,1564887_at,218988_at,243097_x_at,233483_at,244667_at,208487_at,242303_at,229562_at,212839_s_at,40359_at,244268_x_at,220632_s_at,1553569_at,201489_at,206729_at,1561206_at,1560968_at,242760_x_at,1561365_at,1563946_at,237858_s_at,1554171_at,227779_at,228112_at,230530_at,203780_at,240113_at,221059_s_at,222020_s_at,202266_at,group
1,29.18950823,44.96644732,12.77959313,21.8080822,34.02820157,128.9190811,306.3242985,20.02911818,16.0780663,63.02240915,115.72285409999999,46.90211253,173.9374767,17.39118098,471.6422005,268.2478876,518.7548107,21.34114978,53.47934905,30.93085911,28.13975768,195.1827845,27.53676161,85.109779,29.07465162,17.85599966,29.2025207,61.61086988,9.659422912,423.23525589999997,159.44565790000001,73.40574129,11953.45457,847.5225826999999,160.82166930000002,6.111938387,18.0601003,109.38885900000001,6.364931554,64.47875578,22.6876142,66.26090486,13.26100306,42.28438235,53.03158636,24.78142081,31.04999218,5942.853082,11.71886546,1301.888338,0
2,40.59122572,40.87809329,12.46235661,40.90595563,40.30508613,89.52607302,46.92097216,18.55351977,16.916532800000002,74.28803703,112.69307079999999,37.98397538,226.7195516,18.21926684,495.1782028,286.0931212,561.5217131,30.44617318,48.39700951,22.87671505,40.489726700000006,242.6836324,32.54878984,56.21658845,27.81869812,20.43431533,23.4141539,57.85865976,11.98927072,372.6405852,183.7466325,74.58931125,10822.52866,1022.7834460000001,149.4327959,7.017363033,16.87330875,140.5960254,6.8371022439999996,60.26786279,20.64857047,60.68419857,15.88820238,49.68966809,33.72690434,33.03377636,32.99624617,5749.855561,14.45110593,1627.9718070000001,0
3,38.31071377,53.41348086,16.34757798,16.97450972,38.98040027,143.94571169999998,424.9245831,18.10893754,20.51439923,80.99837165,127.2776241,41.37180509,313.0905166,14.80793949,446.1744221,307.54250360000003,446.66116050000005,41.25788611,51.89871813,33.01770638,43.67128267,193.2527321,29.93642416,49.15212892,51.44286188,21.08730759,39.19174759,59.80271176,9.380299586,379.504452,160.4627926,65.93849254,11804.75108,971.7403059000001,131.4820459,6.294418051,13.96656174,117.6630885,6.538301927999999,67.36769346,17.56312913,81.91138027,13.895222199999997,68.96244406,49.07168821,30.30678686,33.67397203,5355.219522,16.75333025,1338.600738,0
4,44.13355325,43.13843699,16.03567302,27.87938825,47.02027267,128.64806969999998,42.81394884,22.37235154,17.38146765,82.92585059,109.4576517,22.30983595,245.9765545,17.93696629,330.10175530000004,200.5401088,590.8569183,35.442685100000006,48.18182049,34.34182966,44.0656628,207.6148747,32.50250484,44.0395249,56.30639966,21.82002728,36.21722237,75.86618041,9.364214619,379.3713708,167.07568740000002,83.74052165,11850.99031,1514.252418,192.5723817,6.51233087,17.711985000000002,166.39808269999997,6.67093045,80.27845798,24.49375403,54.43105145,15.16477303,47.13337224,51.97215587,33.98626695,43.68490658,6594.099770000001,20.22668518,1775.968158,0
5,54.36484011,47.47200241,18.14784075,35.99476015,43.97467469,99.35254371,27.65698527,24.60563767,26.90415331,96.82394691,84.01220339,21.33366606,182.0105164,18.58117719,553.8183324,125.3440757,324.3183851,42.54533361,59.653670299999995,33.88267798,47.79543745,177.5619934,36.70124249,65.30809857,62.57259364,28.57053209,39.55924536,77.93535266,15.37709421,397.7527238,156.29957009999998,78.58516027,11862.90729,680.8008368,126.8171456,6.823306391,18.34741616,76.63412187,7.819438425,67.86218608,33.28247924,90.32747654,23.83513679,39.84942494,47.17144858,46.47181221,31.00304471,4849.7343200000005,16.16884813,1120.129641,0
6,28.98878576,47.72800074,12.39366523,33.61711468,36.65855464,119.3232196,33.90957976,12.06039288,18.36629859,59.08807116,126.8630392,54.20582545,280.28039029999997,20.45812469,457.87151339999997,272.358862,544.3568871,26.72516593,53.89651183,25.35995007,35.64480689,252.1658327,29.69446222,48.16315513,34.35040015,17.36946003,38.54193236,56.983723899999994,10.32633212,415.51881660000004,216.4522519,85.3522926,11328.97722,968.9705445000001,182.7206655,8.31222093,15.91476556,150.5508455,7.102657903,60.47646887,24.91832173,59.37324255,17.13405833,63.53541159,35.37077684,20.2571597,31.36970376,5469.298169,14.23830001,1910.004074,0
7,29.13808178,35.99620726,14.10842465,54.18786872,30.19787235,145.95997509999998,47.24022726,21.75529991,17.83626952,60.15038223,138.74529130000002,37.89122823,260.06383880000004,15.20354658,273.9413045,212.98706409999997,488.0513034,27.866154100000003,43.88998889,30.23104616,32.14817644,216.74441370000002,28.24199308,72.13817399,39.9734725,17.17809322,22.64225905,58.79925619,10.5670883,349.87796560000004,183.4546929,74.43607091,11136.66774,891.6860272,132.3638179,7.292851411,12.63642097,166.58584409999997,7.0045530629999995,56.41066347,25.1646565,59.97797878,12.36322311,47.33941589,34.47252332,22.77804463,31.05464133,5310.5663079999995,15.128667300000002,1414.748605,0
8,41.68721246,44.33938947,15.38012155,17.95209114,39.98414131,143.54666469999998,145.8555021,19.8073092,16.70726874,75.53670772,91.59259118,30.29158156,165.23631709999998,15.8463207,499.0722924,248.8721527,451.9229459,34.06638602,60.32411751,32.63189805,40.37521396,184.56472069999998,26.79542883,68.42900193,38.82497256,21.00434657,28.44738234,56.1431848,11.23782551,467.5568558,147.72702859999998,86.21703237,12899.25389,856.0053481000001,131.98946750000002,8.497874279,15.30218749,105.66252639999999,5.573590464,63.88051329,25.74288785,69.73939773,14.56476986,51.72941603,57.19626362,16.85534206,39.90205103,5664.920521999999,13.60217073,1411.437959,0
9,32.57431645,45.98221314,10.29793383,33.91743111,33.53319401,92.35153271,88.14348295,15.67067045,21.94438601,62.75641349,136.5159775,38.386762899999994,258.53485789999996,17.6662264,437.1558818,251.44673319999998,493.6090379,31.36292042,53.07722352,30.35093382,41.83686953,200.9475253,27.33573004,38.03018363,32.18753074,17.46204961,33.81402851,61.25463039,13.97391147,363.315977,192.3557306,71.10952923,11884.6352,1161.2637789999999,200.8526937,8.583077351,13.972294,148.2863509,6.619774165,59.83285502,20.5226482,55.27077742,15.64609799,56.69206834,30.93431108,34.68355801,38.35301261,5467.251396,10.93253453,1863.849944,0
10,30.22628985,49.83930344,16.05011801,36.8341233,33.69124882,160.64329990000002,45.05467791,20.88515579,20.31481047,79.12304263,92.21528519,31.70690162,168.4795876,19.98277447,378.8035392,211.8664003,714.1399417,35.3499189,47.16258859,41.19738899,37.91952533,230.8456921,27.92994834,61.10302925,49.52276632,23.81241438,34.47727866,62.33791512,11.47644572,397.27824960000004,120.1389375,80.69654494,8918.466811,1420.0834539999998,264.4862662,6.344168107000001,14.93910693,89.3098256,6.940776147,60.64828733,25.44608848,65.31507023,13.89014736,49.59810172,46.94992669,21.89392941,35.83041877,5994.526142000001,15.84143365,1133.23394,0
11,39.26489135,42.99598378,14.12097696,25.60802349,32.44155347,159.70348669999998,70.87303864,18.15788167,23.05307026,69.33836918,141.3496989,35.06775089999999,302.9874023,17.92427673,327.6559682,208.61397549999998,533.2428847,35.03361603,44.62134204,28.24702452,37.83181272,190.9750025,34.94584435,54.66194916,49.05210011,20.44315557,33.35832629,50.39218124,10.85141294,332.9943757,180.4060612,67.50642904,11860.60515,1070.463582,171.00219099999998,7.663083362,14.761475199999998,156.111932,6.568199738,59.97427885,22.90373535,50.83449851,10.90573425,44.42485,46.19782417,37.01928177,32.27331793,5814.139615,14.63350035,1458.621652,0
12,36.58732411,57.30702111,14.16271547,20.91594099,30.84819134,150.1177748,250.20433930000002,18.52221846,20.50272834,73.35223401,113.5716547,39.29958029,171.1103243,15.68589562,402.2174881,235.46568219999997,455.4986601,35.88783531,54.54930838,25.829592899999998,27.300301899999997,246.8849358,28.06225424,61.13751464,30.61504715,15.84585939,30.05841434,50.07390282,8.925945514,382.807955,151.2621269,75.97484914,10729.31239,854.3047537,128.7593153,13.95265724,14.42976601,82.49061,6.021391826,57.55885547,31.86341516,47.78308183,15.29681086,57.50330611,38.31804364,18.46179596,33.57903813,5043.676398,9.445754241,878.9668832999998,0
13,38.65772949,38.32356853,12.29278587,37.0266982,33.68882019,153.4453376,99.66209526,17.58199652,17.37892573,42.735586,107.18676740000001,25.23583643,190.59467469999998,16.7447624,501.2258461,285.35400469999996,617.0236596,33.87582085,57.7533609,31.41137083,29.52413731,271.1922236,23.69111181,61.72855009,44.35746458,12.46372153,26.92140874,68.85726627,14.25533463,455.65528789999996,160.0108584,88.60093387,11186.72409,1155.066341,178.7638239,9.850466162,16.60037584,81.11315467,5.0989634619999995,84.58353787,27.60234627,72.01911669,12.75122547,59.55022277,40.11475275,32.47876792,25.79726115,6334.126655,9.521943047999999,1210.6280769999998,0
14,44.42266376,41.68588329,12.31382444,27.01815022,43.01816259,129.4908187,56.355597200000005,16.35212245,20.53998183,70.6282282,140.575659,25.00322005,188.4314544,16.61733357,519.7665569000001,325.199223,685.5442591,36.04734252,46.36695242,28.925841,41.25702818,293.2025824,29.88730693,50.48825815,49.73404952,23.62423979,26.67183168,54.71020286,11.67117575,385.5349925,219.56936969999998,86.18267659,10519.87542,1135.301683,175.0044746,6.74693377,16.45936759,108.7187527,5.719713959,57.08302957,27.6531898,64.12051021,15.13854871,52.21777208,40.0067076,20.73913762,34.0657957,5227.697693,15.65531899,1108.489969,0
15,51.29122063,75.16452415,15.98558903,22.91906048,37.88082904,123.02715690000001,287.9660652,19.55897687,20.6244108,88.99411305,78.37496562,27.8567105,151.7296264,16.53078121,623.3039305,234.6967412,644.9390434,38.71634884,52.56253679,32.71694193,44.84611172,189.01029409999998,28.14408812,68.49866662,49.452961,26.50204899,29.34526843,48.89760843,9.58689745,482.7973677,123.9276243,93.74514038,11376.42779,686.9951006,173.583138,9.298151934,15.67415757,116.10151599999999,5.612532913,58.35162791,31.68789674,70.97509648,15.93051498,52.36721587,48.50188793,23.51595472,35.94873252,5673.408381,15.5713055,1324.801044,0
16,49.49136747,37.7480444,17.37708276,17.62890548,37.06930085,138.82369269999998,309.8551206,16.41373886,17.94624367,76.98332078,92.87143359999999,32.90459136,165.11633,15.53484563,512.5247982,257.9625812,448.793509,32.36157682,57.40159818,29.82336206,37.92404642,231.01792719999997,26.77873675,62.78025571,49.88547823,23.72279349,27.59511514,55.46135658,12.95619337,414.09271160000003,151.6151384,90.31664562,11710.946,710.7685321,176.6664158,7.039885674,15.88519616,88.23811094,5.7369740810000005,65.18300689,22.01117109,60.60487742,18.08366259,52.09055849,39.07264456,24.35761547,31.72635772,5286.950119,12.96177149,1203.024243,0
17,46.34253312,41.10605454,16.00818678,31.27768866,36.11329116,134.0951269,65.00063919,15.72499878,15.41110069,71.28422784,95.74816944,39.89920236,326.92343769999997,19.17243934,401.0329591,229.2414315,580.8218833999999,27.91075025,51.92829673,33.83545772,39.11703186,171.51144019999998,28.77314468,43.73219934,53.59903049,20.29851104,27.96551513,58.397147700000005,10.38635114,335.1778494,174.069424,61.63970277,12291.21573,1049.684462,184.4657291,6.065232712,16.4882228,80.89866555,5.958507472999999,53.75220379,26.576385499999997,56.34614482,13.23251148,47.47424001,47.60476229,27.18042294,34.00497674,6303.773574,15.66263457,1875.604591,0
18,31.69400342,47.06611931,12.02106657,43.17520133,30.23335125,133.2483631,67.74356474,16.85336771,22.33617121,58.74491210000001,111.1876699,30.42492919,233.33889530000002,14.47091258,472.2290552,299.73713019999997,620.7648247000001,32.53011461,52.79377778,23.93969721,33.83695874,223.3548853,25.91793731,52.57095362,37.54643431,21.25512738,27.52140084,50.13078777,10.05870031,375.94426939999994,206.77443269999998,69.54259512,11099.59949,1102.3067210000002,169.0018232,6.24556461,16.26919542,120.0646801,5.931236918,56.17237901,18.79430941,63.37003907,13.86255232,47.84989985,31.14334494,22.56747337,28.68508723,6056.170051,14.91690162,1440.915482,0
19,38.46338957,45.28288591,11.93308369,37.07014877,29.45733478,145.80334419999997,77.52995917,18.20105283,19.30418846,65.38790973,115.7311163,50.46334729,200.2933899,17.85748495,363.2540317,231.0891958,503.0486081,26.79684043,48.94481059,26.78129837,32.58400419,204.8627679,30.52154314,58.15055274,33.39893049,15.06613023,26.69519163,58.05091895,11.33490976,364.06241560000007,167.11981609999998,53.7161872,10605.68365,1028.2034199999998,167.7124523,6.1671075239999995,15.50844358,97.97494820000001,6.049345246000001,49.84054711,22.66372349,57.89127397,16.79182347,42.74284402,38.78801387,26.86833469,34.22835373,5081.962449000001,10.327549000000001,1475.03145,0
20,34.69216569,37.1734324,15.26687627,36.25117871,27.49872837,140.94622230000002,119.2086406,19.78165189,19.57507595,61.43457845,103.4492231,37.94573935,333.2957244,16.07864583,425.2068416,207.26360580000002,431.7136803,34.63827068,54.84772972,28.4781594,31.27940143,232.8175494,30.92305607,41.05360476,30.42119667,20.72071671,29.10140697,56.93535925,12.37948163,360.740602,181.3537793,85.193414,9401.140026,843.5261595000001,119.55643719999999,7.960990826000001,14.92865204,131.1791844,6.866866899,56.89263514,24.72716607,71.76507442,13.64281075,48.62805556,34.72088943,49.92356312,34.27754784,5073.656032,11.81421609,1577.5171779999998,0
21,40.50954568,50.76664447,14.95219102,30.60959391,45.55571034,141.21974440000002,114.2209121,17.17745026,18.02368375,83.07042325,97.15719946,37.43547098,221.5205914,21.06356898,420.9669028,214.65649269999997,540.1424034,35.53934039,55.58774681,35.78933916,41.71828656,234.058119,36.31347274,48.74853641,56.14365179,21.74325462,35.27245287,61.23769179999999,10.15078221,438.73621900000006,158.0655325,76.2951265,11996.61693,984.0405796,141.7901005,7.144717655,16.27012015,100.4058835,6.488724891,74.59954882,31.01544674,62.67712066,17.63156951,46.21941197,58.02830969,35.88465138,39.95521742,5454.4575079999995,15.19148502,1927.119072,0
22,45.29899067,41.20447145,11.71077785,23.06692837,40.77059199,102.592752,256.56472180000003,18.9647441,25.09992242,94.05736429999999,79.86984451,32.56300644,185.9554215,15.71031279,604.7864472,263.4859091,383.7024057,47.31418928,56.29539466,39.08857267,40.72912738,243.52026099999998,38.61198986,53.65129169,60.95336654,24.05351785,39.82785837,68.10297892,11.09600163,412.13952,201.02902419999998,93.70012062,11391.26226,947.5747858999999,148.87719819999998,6.486462972000001,19.30690492,88.81817361,6.92548928,84.06847513,30.39857941,70.2586524,22.70989294,54.70917897,58.4989571,28.24937414,36.84970079,6182.908756,19.17091113,957.0702409,0
23,36.44262559,42.90720437,19.33216087,32.88974688,37.33383998,104.1822002,58.40653931,19.39032393,19.21659738,68.16598003,106.27842920000002,27.75867884,228.8596,17.54908614,409.6275674,327.99454249999997,581.468005,36.14431891,50.58725319,33.62382622,36.5093227,157.0639201,36.92087912,43.4294266,33.09460164,17.93066388,21.25035445,62.40328191,11.30084699,371.504532,191.885515,77.71148901,11571.99512,998.5902427999999,252.0698923,6.425069232999999,16.91423473,99.29808569,7.064022802999999,61.74840644,25.28305688,48.89733729,18.27525967,36.579311100000005,52.22059534,22.39498819,39.30729008,6918.291082,17.60003021,1597.521907,0
24,52.00137984,39.68247213,14.44164321,32.68085901,40.86973546,149.2374703,162.0678369,20.81457217,17.44627342,65.32457825,85.01644334,34.04377225,189.6437479,17.69496496,447.8711728,241.69100980000002,527.1859093,32.33359462,51.52676094,36.52782632,49.86909096,193.48313380000002,32.05123405,56.07971063,54.90105623,21.40182619,30.89968016,71.80851387,9.193116351,406.9870275,163.7162822,69.06122406,11775.00458,994.429993,154.6762626,5.963916257,15.98632035,74.24731759,6.280868218999999,55.31466068,31.01368393,63.8147934,17.46911964,41.01526373,58.16321048,31.60493626,39.14722123,5144.1250549999995,19.62149415,1185.327493,0
25,46.38656143,49.92972308,17.33686336,21.97519405,35.41739012,85.65288883,108.08810840000001,19.49680744,18.43356237,95.52834729,92.89834565,27.79815062,186.0344506,17.96395365,464.7100386,219.30091180000002,534.4406743,50.27819666,56.85297739,31.51310488,45.78150547,250.02941119999997,31.07005736,93.48338050000001,60.73360073,19.37009333,18.85881341,60.26422852,10.08198634,447.1028711,147.15584130000002,90.96142812,11100.215,1364.0586859999999,262.8713313,9.217713964,14.65724447,82.90952793,7.70615925,97.35343645,25.19986326,58.03760175,14.34669976,55.84688856,33.05432159,23.94588747,27.08893932,6564.229663,17.89319361,1095.07958,0
26,37.97810458,40.28508795,14.81443808,32.47559381,34.53642867,159.1800804,327.7947641,16.2612922,18.28158182,63.79692576,121.1015903,42.34289485,321.0250351,15.47950035,425.1915159,182.555712,493.6832887,34.17224202,47.99875233,27.65374567,43.83407807,230.8836176,29.21005157,57.85865976,44.21567475,17.21313534,28.50408924,56.90533462,12.17506019,335.5181496,166.2703368,77.22167807,12083.07475,980.0475925000001,154.6062681,8.483196617,14.06908891,128.2058248,7.88434551,55.3256657,24.877834399999998,56.58120513,13.30430276,57.92808228,44.15592097,42.44050742,34.22135548,5749.855561,13.78615275,1630.25282,0
27,38.47101531,51.75208205,15.07424666,39.68505776,30.70873119,99.25727896,121.7446867,17.85634622,18.11065727,75.00838631,143.2146233,25.56584845,273.8139236,15.12925455,346.0994887,178.3994058,659.2002593999999,27.39080953,47.12285355,23.86214782,36.17306651,281.81644689999996,26.85288145,56.05689771,30.56776147,21.32889027,32.71447016,59.2383684,15.84179601,403.23861760000005,222.71640209999998,84.07523493,10577.71214,1133.9175289999998,171.6689131,8.865475425,16.30514087,122.52972749999999,6.746910387000001,47.88367579,23.18849045,51.86811375,16.47454825,44.79534766,36.36382361,43.44372788,25.30263975,6883.8979739999995,14.55453659,1837.654712,0
28,39.681867,44.11128858,12.10789362,32.82581669,34.99121852,150.059412,87.43306082,18.3558625,16.14569904,68.77231476,107.0741935,36.1228045,206.697768,16.28859204,456.05910539999996,294.9995615,664.2557496000001,28.02194128,58.30974062,36.62018057,50.39033003,204.41623909999998,31.01910166,64.55594253,36.19478647,18.94740017,24.67169619,59.27973117,13.27500961,453.9306204,218.86933080000003,71.69516877,10386.48587,1272.517693,162.7058147,7.585409149,12.30109637,105.0718212,6.660405433999999,58.6876079,22.13882885,57.15433413,13.97837742,45.83630996,30.13635441,22.82326046,40.61554224,5806.326564,20.92580184,1381.586332,0
29,38.94898966,56.49193451,16.25037381,38.30059767,30.34226754,133.2334939,132.9167396,16.52559143,15.88325838,67.32395377,102.9922521,36.84781071,288.35335539999994,14.93366119,442.53568960000007,211.57406780000002,647.8482006,30.41470276,51.72181509,28.30525469,33.52169048,256.9803077,29.174519699999998,51.42471542,46.69078696,20.24646314,31.06125034,55.22111066,11.87701179,374.42812599999996,182.7700666,67.0922397,11894.68957,1030.186625,132.6633452,9.763219727000001,12.35744003,127.3453085,6.006043817,52.57940824,28.54331514,57.99943736,14.72229827,45.09182512,50.00696004,44.52886703,32.01242361,5803.469773,16.22833405,2174.141314,0
30,27.04661236,35.5225686,12.23568529,38.38990274,23.93498505,138.4327038,157.4890813,15.54395797,17.55330759,65.46981513,117.3200678,44.65141531,210.7015329,15.77256072,449.2133522,302.2456991,423.6217931,23.13615151,52.89788003,18.35546808,35.24381027,211.6739614,25.64719245,50.4388333,34.12338826,16.50401348,21.96433629,61.55657255,14.02486521,359.24144739999997,191.89482560000002,77.7327688,11736.05568,1048.651799,194.6986405,10.74509252,14.34778374,127.44641659999999,5.401222572999999,57.66272054,24.36984213,68.67789901,11.38896706,48.05614444,37.57796406,31.85564183,33.88822105,5384.885674,12.78657525,1165.3196269999999,0
31,41.67418268,52.53092196,17.51622522,28.57591918,38.95066353,119.58950700000001,194.5277278,17.20584689,24.816143,75.51173706,138.79627119999998,25.332472699999997,207.7283049,15.59769564,432.57755489999994,256.912629,415.5355218,33.96064607,54.55066959,25.26524036,41.41386657,166.35829569999999,27.50734514,66.30680338,47.72059083,20.87221782,30.67180149,51.08408531,9.492025656000001,349.2131316,154.4200206,78.37583483,12085.085,972.426231,130.22945670000001,12.36876027,16.00612305,130.63530169999999,5.876886354,58.97309476,23.61014505,64.81756865,13.38116666,63.62487448,40.83657596,27.27709309,36.27105993,4662.797303,13.68237717,1606.984168,0
32,61.01191041,46.55873643,15.25089495,16.26462889,42.47541094,119.62490759999999,282.75172200000003,20.90749047,21.82858942,81.59240723,72.32261812,23.13785147,117.58237390000001,17.97440364,649.1472677999999,286.6805068,426.41075020000005,36.36473102,51.738596,40.75372425,41.413981400000004,193.8040622,37.63014648,84.10332890000001,59.52702958,29.44253525,33.3366909,89.93457776,11.50232817,473.8997205,142.37746409999997,106.1667357,11372.95868,711.0804588999999,138.7427909,7.901836526,22.65783327,36.78383514,8.109623854,69.95299879,37.09497852,87.41312438,18.67029736,41.90611865,56.83091349,17.56830377,37.49649915,4898.349502,20.89824663,649.3781356000001,0
33,42.819469,38.4463571,14.783787300000002,35.52805981,37.87920114,154.6249159,86.68226823,21.41553776,20.14170629,76.38126985,112.5252531,21.41117404,267.338165,15.50851882,407.3923276,273.60447189999996,532.6861644999999,32.55569427,46.71946991,28.87309784,46.22895994,211.6933295,24.72754315,45.73320113,48.97783168,22.86403302,28.97410113,52.62658957,10.27541673,356.024077,179.9366178,68.52127066,11367.6782,961.2820604,154.0881386,6.589257927,15.885339300000002,140.0142641,6.538959102000001,60.05344066,26.92743676,65.67325241,14.04909213,52.69988834,40.50581134,25.1335926,32.81678494,5768.89784,14.95603658,1237.514745,0
34,27.18762078,54.69499816,17.09686617,21.40385863,40.57659779,132.6746562,74.93454226,21.95899313,22.07321698,82.67825302,57.5156635,22.458536300000002,126.33591329999999,16.70032183,442.23242530000005,250.11781340000002,505.7560982,48.30970038,47.46713271,36.64976392,41.05488531,154.19337819999998,44.21432626,58.20741324,50.36860955,21.64585677,27.92278622,78.07918019,10.38931046,476.27103439999996,171.55257849999998,76.73330554,12019.08959,1041.336049,207.750048,5.938571755,16.91191353,90.22591727,6.606403097,62.91521299,34.37295551,46.58433521,26.73719101,56.34641821,45.35714727,17.75781288,34.01789581,5771.257553,15.62912385,990.0770548,0
35,28.67620091,44.40237683,14.69896837,28.78301867,29.66769629,138.19589960000002,112.15646709999999,14.59567473,19.87241084,58.71755539,170.1832218,48.52387971,333.8464757,19.03251091,439.7119711,179.8878579,632.9944324,28.91010613,45.48235338,26.61832712,35.59434134,238.7088096,29.59734785,52.86239923,29.119748699999995,17.76976873,22.24783431,57.06431748,17.90596045,334.4180714,211.0599451,70.85550303,10605.31609,1212.727754,154.9592429,11.58417984,14.96309799,173.81972530000002,7.6600775610000005,50.18474570000001,26.58430785,62.240813,14.88616266,52.77043606,26.4642892,38.84672308,25.91558401,5501.617026,13.84064239,2401.250169,0
36,40.12590428,42.8127618,14.91720147,32.93370689,37.31280722,164.3634833,85.92130497,20.30815118,19.15591455,74.33599206,79.66460656,43.17047316,265.849142,16.61733357,449.8708256,252.318119,454.35400949999996,32.55009841,50.01923195,25.29811524,38.69472496,225.80944169999998,31.27820898,40.61314934,46.73828849,19.05886103,25.29296038,53.657911600000006,12.509255300000001,337.13883250000003,176.5659082,70.08350387,12316.63044,1114.576558,144.1199254,7.711801941,15.82225145,133.2847582,5.6037748810000005,51.56273913,22.58886691,63.58413783,13.38116666,57.72154456,39.4050602,30.20318943,29.22603071,4882.214615,14.16895054,1617.0515990000001,0
37,39.25011566,48.16766221,16.42674808,26.74675565,38.293802,158.0174418,148.8851444,19.62150775,15.49144698,59.41399938,103.17052120000001,39.09767736,280.65792749999997,15.78823507,404.774894,269.7703533,426.84367760000003,33.96959234,44.67339522,26.63665469,38.39626302,233.9847995,29.36148436,52.91849035,36.71355721,15.93937328,29.47412338,49.01913088,11.15277642,350.3473078,185.92165419999998,59.88907729999999,12029.34109,926.3990732999999,106.98835749999999,8.91239392,15.06630776,149.8378195,6.835287403,57.64821371,23.85771552,51.57660834,13.23130082,50.90237267,37.04112471,24.39524386,30.70362306,4440.941957,12.91041973,1752.6108739999997,0
38,48.97246806,52.86580699,16.26253211,13.16139038,46.23963165,137.0267738,149.7746861,22.45442696,19.97943665,87.19406295,87.24254796,23.32189317,140.4680295,17.51367573,597.3538612000001,246.26315789999998,496.7385834,39.52402586,67.15090788,36.19586528,45.45310669,177.0231219,30.34186794,49.46454838,55.35800321,23.14298418,33.61415551,61.97734291,10.70494145,480.6713483,171.9885844,67.98431367,12773.17892,890.2902832999998,127.5433615,6.674774048,19.96343398,81.37050279,6.886481227000001,67.28094201,31.00259343,78.24588626,23.92354037,48.93938274,55.3817601,29.88620898,43.09277201,4963.492854,18.1016462,1070.404225,0
39,30.17772197,50.8598041,17.49306277,18.23471821,33.00370304,86.48709651,177.3535011,21.67574988,20.70348886,66.89363322,93.68602797,24.44168767,200.29547240000002,18.68299705,377.3394164,235.0857043,673.7478715,39.16448276,45.98960814,29.69446222,28.9218313,243.49561809999997,38.54198579,60.15038223,51.34511076,19.89749626,32.49504859,82.83014448,8.540017345,478.52981330000006,185.6613881,78.9533732,10864.99583,1319.696074,266.0218615,6.196677987,15.91122492,102.736641,6.743525377,71.59892393,31.66010204,52.77723995,18.45158699,45.577314,43.42027626,22.14048622,33.22828665,6484.7264399999995,13.95114861,1360.0933890000001,0
40,45.30523947,37.42470398,16.4072438,39.02062552,37.11269851,113.6214965,132.40391770000002,20.80192304,17.82434306,73.87436913,114.40172530000001,36.80969779,240.46581459999996,15.71430977,389.2790785,221.97693999999998,386.5100186,31.36398566,50.05471265,32.95821034,40.3855701,193.4013426,40.30114716,29.05907751,52.35930346,20.14898137,31.82683961,58.73322694,11.78550767,359.66750210000004,144.70630769999997,71.41058343,11940.78447,978.9823231,204.1092847,6.778838029,16.2147514,117.61082150000001,6.157108535,59.88525832,29.66422116,72.23068765,17.69768805,61.20798629,49.207045799999996,42.41745035,46.05634438,5623.294931,17.81023935,1268.203018,0
41,38.80998579999999,48.21726784,18.52786832,19.98028144,38.379526299999995,130.8597854,47.95026888,20.40189138,17.44816001,63.37087365,126.73410449999999,31.98882287,153.366226,18.69089826,478.33515,286.735754,666.8613382,28.02584564,50.64717867,35.00938953,37.65963207,223.605521,41.51650233,60.9023081,44.81780227,21.35981135,30.39196393,53.36185817,12.53693692,467.2578204,165.84537849999998,77.27795438,9930.426736,997.6977426000001,219.70166609999998,7.928016692000001,14.810998499999998,93.66895078,6.477952996,95.68421247,26.88784079,59.59362078,15.18050627,54.86860532,39.18786309,21.46178252,33.76603793,5898.9399189999995,12.44507483,678.4233427999999,0
42,43.77374767,57.87919695,13.41227441,11.32991396,44.99088996,143.6960904,297.98626,18.74111651,23.28972985,89.64330907,77.7356245,28.83024117,151.5028371,20.79053531,608.5483157000001,250.12058739999998,371.8159888,53.90275101,71.18838662,31.92859137,37.92199609,217.08045090000002,32.99709242,74.37129559999998,46.55437991,23.42571212,27.48761824,62.74279965,10.18895367,467.4956076,119.48461029999999,82.91395312,12893.71161,835.845219,105.4923813,9.061148981,20.90012984,127.15487809999999,7.143019204,84.74662444,31.18218243,79.16500935,23.33987614,47.93398571,53.33767375,23.22874008,41.61627694,5133.439262,19.57281016,1239.4978039999999,0
43,38.09220772,51.55223248,16.86345217,13.41164225,31.87976302,177.6785852,77.32955469,18.11938395,20.33420948,78.24615744,78.80416627,42.43085957,199.4838304,14.78020116,588.4120576,349.4174867,602.5816792,25.25844641,42.42888909,37.83682165,33.48901412,176.278046,30.5939186,121.52783670000001,71.80916093,16.75576906,23.04822908,66.96985782,8.939393785,486.0971954,169.3013891,90.11347821,11891.80425,1135.836923,127.937643,7.122215063,14.83699478,126.58248629999999,6.993167205,70.59431001,23.62831753,58.19373745,17.44589855,68.16895679,47.2680027,18.48868869,29.88654043,5664.056729999999,15.20166034,1245.889151,0
44,41.29181703,37.0653698,12.9672801,34.85969399,26.64577704,169.02548769999999,239.2673944,19.02854043,15.07014089,70.84263651,93.25473016,35.33818405,210.3835363,14.80426541,504.7730233,330.2587557,513.9292661999999,29.94310652,51.66745797,28.47375782,39.4069995,191.0276945,24.81418214,54.89805,39.89884283,19.86753526,31.04831349,58.79196122,11.32928571,393.89874219999996,125.35311180000001,68.09023466,11266.72035,862.9546891000001,133.31571110000002,5.6414381879999995,15.14992766,123.26282920000001,6.438149152,53.61798137,26.48919324,72.42907272,15.98912406,40.35199229,48.745258899999996,25.288069500000002,28.06134004,4670.851943,16.34046349,1051.6216259999999,0
45,42.0200799,37.88765647,15.85006663,28.60384132,40.90153267,120.9604834,58.634830099999995,21.0229322,21.05653288,78.23287073,80.81426114,32.03257785,297.6999151,17.30284061,405.99298789999995,213.92258590000003,539.1380791,37.83868377,46.28134864,34.2062489,46.42419536,182.71585280000002,33.69589638,47.71820931,50.90808881,25.28368779,29.91559806,59.171148800000005,12.03310453,364.8741159,179.42038469999997,70.51156518,12399.72066,1029.251617,173.9441079,6.204482999,17.50263222,84.88760461,5.395759328,56.87292108,25.65190386,64.9406086,16.00604539,41.91869794,59.79893974,24.02102819,39.95275266,5770.457542,18.19940021,1970.2049530000002,0
46,45.52714229,41.73682642,13.91662044,32.53381271,32.16854994,137.8954458,78.78608817,22.09711319,20.15025233,69.96235755,181.0640099,30.845155199999997,236.81423590000003,19.71009739,341.08890089999994,281.7613663,690.8204592999999,29.22173635,46.34234038,26.53485941,33.59715114,276.6820039,30.83382575,53.55558025,34.64105588,16.78522534,29.00663428,54.21424237,13.61147022,433.37796749999995,227.0085774,65.21125139,10729.68424,1110.6973189999999,167.6377206,9.75101906,12.99341723,127.66365079999998,6.896617719,79.32919478,21.91150994,44.13116721,14.78184043,53.20537152,35.87097365,31.24425424,34.78537576,6185.180577,16.59836232,1688.117957,0
47,36.44335814,36.44323184,15.009864000000002,23.65607799,43.70126087,156.3239482,46.85480175,19.35027279,14.0465702,74.20574606,96.4438942,34.63675812,285.6449076,15.42737821,391.4146651,239.4057512,585.2815538,35.64283038,46.70101498,38.66043593,38.57405745,242.506398,28.46347696,32.53009206,47.67473453,21.49589091,30.43182606,71.33919346,9.531392488,351.80983389999994,179.767075,76.21832509,11327.64235,1096.097182,172.14029069999998,6.909795433999999,20.26465909,103.3668662,5.627351184,68.45395538,22.890959,52.13509674,19.15770715,44.9651071,43.414468,29.30303111,32.31506526,5458.163893,15.71299185,1542.815682,0
48,36.60576577,41.14037388,15.62474782,32.40741404,30.75399657,153.8082416,340.01203439999995,18.14043316,15.85549486,64.62430702,131.15709109999997,39.87467901,260.02778880000005,17.14857747,411.67327939999996,168.4004286,511.05792139999994,27.15383382,53.55520903,28.89598212,37.47371233,244.3933128,31.24587854,53.38309329,44.10052728,20.75252532,27.78969316,55.73698271,13.37910774,340.6553372,168.96726950000001,73.99490343,12578.04429,913.6399972000002,156.3031453,8.692691832000001,12.31913454,121.125348,6.047064637,52.55077006,24.16421127,52.84481427,12.8024942,53.00090173,41.62132534,36.34933335,31.125648699999996,5919.050294,13.97656568,1735.6856870000001,0
49,29.302076500000002,39.13655872,15.03386449,27.93054849,39.36735829,159.1908936,60.65186068,20.0055169,19.71183254,79.59925373,93.24031672,36.3811439,174.9097619,17.49699179,418.5661983,207.3051289,598.4819805,37.10629365,48.84269835,33.38571424,40.15570323,197.00261909999998,28.52333957,40.34902759,46.70004387,20.47643989,29.05670083,79.59467442,10.95460075,446.65837410000006,169.47785919999998,69.02394371,11979.49939,1369.971343,229.040196,6.234790137999999,15.15826785,115.41524579999998,6.755450586,64.04628569,22.66721122,50.50666929,12.92904671,52.14413185,39.98408588,26.38472424,25.29895695,7067.577094,11.93959504,1428.148218,0
50,46.36952362,37.31580748,15.89004164,22.96476316,32.93569298,140.4284075,116.814617,15.89683881,16.25990587,69.52909952,86.02588954,39.86254732,174.78347730000002,16.83577233,284.7799961,193.11989680000002,373.1632234,28.90810231,47.995658299999995,34.45938384,38.95166249,161.4061791,28.70364406,48.84381558,47.77182211,22.00535895,29.28104221,51.48277807,12.82961524,329.9050382,138.4511282,74.06330374,12256.33487,1034.91029,113.25830230000001,7.491398151,17.02763305,98.56202554,6.400696933,56.02986067,23.0977113,70.14444739,14.84645928,48.36417888,42.08796937,22.87225968,34.86530023,5253.1971,17.01808738,1131.805235,0
51,47.91840558,40.57918542,15.01091484,28.50246916,38.29932339,133.6267471,115.91881969999999,18.28651182,17.65638392,75.77389482,100.1198344,42.43712454,206.5899124,18.13111823,570.6320622000001,311.33241860000004,410.8577015,44.35718786,53.80797095,24.97898586,41.20084439,214.64057290000002,29.34897065,55.60335385,42.15459519,24.58403805,29.54753759,53.83565233,12.51472774,362.5891639,154.7545482,66.53769573,11952.29466,776.06033,113.03721370000001,6.845713902000001,16.45118954,102.3262869,6.706109313,54.60639458,24.31771891,53.49039677,15.56482013,44.61453815,48.71465691,30.26526336,34.18287886,4700.798092,15.67750419,1492.6084050000002,0
52,40.65759575,44.77138365,9.330820829,33.5825296,31.69053257,92.28818138,103.0345229,14.30199005,16.41489936,71.35032025,125.73443449999999,41.61711349,201.6237809,15.37542091,426.1220806,247.7205939,610.7143777000001,33.78282337,49.78495773,24.33596368,30.05114383,261.9006809,27.42067157,53.72579423,31.116631800000004,23.18939056,26.71012829,57.93149536,11.60256601,436.6849499,180.888891,67.85917569,10517.83391,973.9433167000001,160.74142869999997,9.89261547,13.66625456,116.3389195,7.116707787,55.28710022,27.31131738,58.99774876,12.85895055,58.38103975,32.16397927,24.13597162,34.07207723,6056.170051,13.39600579,1207.8704400000001,0
53,26.04439465,42.80344469,13.03836443,28.96171238,39.593919899999996,132.8805371,40.65765211,18.52449104,20.33702859,66.52602829,104.2097894,32.20163419,224.1644981,19.96914973,436.49036550000005,240.8105853,780.2415405,27.64226635,44.70669526,31.52396283,32.86258356,322.6143944,29.07840032,44.31831115,42.32775303,17.84711531,23.38635313,64.12873305,11.99911418,393.77453330000003,201.9927917,75.12785464,10502.89919,1310.444011,181.8535148,7.343638286,14.59567473,177.5730706,6.775169312,65.32426129,25.73839166,48.15891553,14.25937655,55.56286168,39.971893200000004,24.005432100000004,30.36290661,6101.592009,17.28519531,1250.526574,0
54,43.84298133,39.07445917,13.91186565,13.25282486,36.84727436,149.9990964,138.7406751,19.07252568,18.84423077,81.10882559,85.09886588,32.56431558,130.7028691,16.87620953,496.5151745,207.9000075,447.3226499,40.94124303,64.46454489,33.22252912,46.86558545,164.31712109999998,31.73363759,74.66804226,54.6944674,18.39552569,31.21275938,65.08399931,9.168883076,502.14527549999997,140.5892038,85.31934589,12178.0034,877.0759697999999,125.31019640000001,8.280512143,18.07540415,101.12886280000001,6.0291014270000005,58.15772781,25.3276444,65.5910925,17.02176814,57.28096927,55.16399362,16.87180008,41.50024648,5145.159193,13.70723807,1322.15903,0
55,28.42946412,46.25873791,10.34942708,41.63462717,34.91896759,101.49367409999999,294.3996202,16.51914371,15.47594927,67.35349946,151.175653,53.02390435,296.11792210000004,17.91846316,456.0183282,200.2106627,549.2986744,29.00667449,52.21031653,22.26662504,22.59475487,274.4322081,28.10860596,53.59888188,28.09467878,16.898180399999998,31.17792479,57.06965751,16.63963636,369.8947464,216.5963318,67.70173963,10098.96623,918.903785,145.9262888,8.944494808,14.54974537,149.7609831,6.095675061000001,59.44773755,23.47224614,60.78207408,14.53338643,50.75703885,33.74116776,27.86321832,22.91952119,5416.855911,12.90737749,1574.938742,0
56,35.25026016,51.21189361,13.87040492,38.00304199,29.2945016,112.8806977,124.3284797,25.36144426,16.09334147,75.79863694,107.83748909999998,26.80523727,172.40920590000002,29.38371697,294.7880026,298.50266469999997,778.5031141,24.11458371,50.0776862,30.82446607,39.67356125,213.4808721,35.32985688,72.32652838,34.28455758,13.41123322,30.84620284,59.56145119,8.336241079,443.7459063,150.51077890000002,80.10953145,9239.826202,1172.961544,206.2731169,9.60162772,17.9325407,98.27400863,8.833425457999999,55.52797964,21.71683567,53.45148038,14.83142178,28.2183749,65.11053104,32.66652303,37.33226147,6962.646196,17.11329905,1166.48335,0
57,43.68699595,40.66421898,16.00259535,44.35927865,30.22356631,126.01494209999998,144.3656799,16.59345037,19.90392432,60.32942805,124.2903088,35.86764205,317.9182442,13.92830698,362.24676610000006,214.6259932,590.8225171,34.21359978,49.96382423,28.81733465,41.54330241,202.3654236,30.61279784,38.89635336,41.93040907,22.54099039,34.57592637,53.15033943,16.33563917,320.54186830000003,185.8707571,76.90801223,11063.88158,1096.2415449999999,212.34480449999998,12.0234582,12.33760964,97.72196713,5.839881116,59.66417381,25.40881168,62.14334523,13.88746143,53.30223048,37.4463968,59.61779036,33.97595034,6859.606008,14.02898764,1923.662513,0
58,32.56278073,40.34413352,19.00630262,32.47010174,32.13870738,122.3851751,104.6959627,15.53450106,22.17621124,58.32307983,126.3988038,33.51121292,242.0125411,15.59909039,453.11109270000003,281.85121960000004,514.8570095,24.67670733,50.83196159,21.522056,32.53687976,244.8575719,17.24156706,50.68496676,24.60464848,12.54673431,22.74117669,55.30634126,13.529878699999998,373.7526505,186.64538149999998,67.3195207,12215.20115,1338.554347,163.8894299,12.51972528,12.84044236,120.9486621,7.121509143,44.60618933,22.70287341,51.66552409,10.14107017,56.20575684,26.73292881,39.65555309,35.136899799999995,5245.737861,10.04587275,1302.159087,0
59,42.52779057,38.1440202,16.49632779,24.94439891,36.16544504,164.92256569999998,151.00808669999998,16.51708281,21.16258562,55.83667003,87.33632981,29.86537641,301.8039756,17.67426114,425.35157919999995,259.7759388,571.6926768999999,33.83545772,54.76445852,30.48327493,44.49727243,241.02633889999998,30.98714643,42.89762884,47.081096,20.55666039,28.59928155,56.02096772,10.95424388,326.9374876,187.5151045,72.19144618,12171.58981,1157.550966,197.3743904,7.248125824,15.60155582,142.0139655,5.360156041000001,45.32116369,28.83725626,59.75779458,14.90225758,48.60116529,46.00191453,33.47434683,34.42703428,5400.585092,15.34205677,1582.93906,0
60,44.18687504,67.55988653,13.81607582,23.62518956,36.72951651,130.38038229999998,349.439043,15.85760511,21.48451047,67.02748978,95.53483659999999,31.49358309,190.9063128,22.62636619,401.4751828,198.8486559,454.20664419999997,32.85183381,50.9172995,28.19807945,28.49551576,183.5075995,26.5752434,57.45067745,41.82225653,14.14259542,31.08612747,54.48412389999999,10.20364,381.1415285,167.09630249999998,71.99800369,10970.7155,1172.124417,159.3740575,9.392329359,13.39180945,111.98711979999999,6.627234642,66.55457795,28.19807945,70.98055747,18.91690286,57.8282284,38.38128211,21.34789625,32.54132297,5075.203656000001,13.21798171,1345.810904,0
61,34.02798929,59.06669561,13.06134897,35.04078038,32.70667056,136.9465394,348.31456710000003,21.38932426,22.51416395,70.95114198,124.17268159999999,47.82685432,242.3655773,19.1737949,438.4984704,215.7679838,807.6844758,27.43299059,59.07742337,28.04780566,37.92404642,261.8687325,27.47266573,53.33896775,35.26455672,17.01360547,30.02445181,57.2367956,15.38252039,416.9547461,267.27090780000003,71.92797086,10380.00847,1361.4988039999998,185.3807973,8.374818937999999,12.585782400000001,166.2101873,9.456727334,65.79002701,16.07583756,50.10997803,13.37347052,50.06102759,35.85911555,34.8041636,38.44822257,6579.07936,15.64446047,1374.422649,0
62,30.79330899,67.36405129,10.667727699999999,17.17504531,27.3615869,144.9988854,166.5417409,20.06211776,20.8931773,65.00600096,100.2688729,37.59156309,157.77283319999998,18.41485331,474.68643089999995,311.79586820000003,659.6061317000001,31.96415388,52.66669414,26.51108848,32.41363692,228.80995319999997,26.72360992,63.01087768,37.82704043,18.90815905,28.71918692,63.66546071,11.99183888,516.6029244,142.18475719999998,91.38921403,9217.117966,1180.03996,162.80204369999998,7.491657787,15.62799723,132.1470125,6.644713518,59.84587895,34.26163275,51.56727839,13.19277362,53.13567873,37.76691404,22.61167561,27.40039907,6013.003154,13.82437162,854.069107,0
63,47.05170183,42.96648938,15.6874831,33.07474205,34.76199558,143.4361639,159.0121285,18.48006595,17.03362985,82.02904913,99.22556727,37.46303821,270.33340760000004,16.62500651,341.5578169,233.1259833,670.9167722999999,34.50592015,49.9892508,31.07785442,51.48060132,271.1506841,32.13369548,54.94011404,47.65547283,24.90965267,32.22530259,54.34460819,13.21625021,351.7854492,228.3764376,84.48650421,11995.28654,1048.717219,197.18377009999998,6.388485694,16.6689578,110.106971,5.896557774,53.40855697,23.10100962,70.40539118,15.07298243,49.39595499,62.19423703,37.19516004,29.06487905,6633.571004,17.82214402,1633.929476,0
64,50.5741408,45.22125106,16.62167653,29.48842778,33.28074906,123.82570290000001,63.41380324,16.10050461,18.7484575,82.35635076,95.96390763,31.96388802,220.38679900000002,17.65590663,401.40895730000005,226.27117510000002,490.4580723,30.69285619,58.52101959,26.21587874,46.05366286,175.0657438,30.63612659,56.75068889,49.220929600000005,28.54337449,34.81960665,51.912461799999996,11.33641836,398.28490710000005,181.5411763,82.81556274,12446.90991,853.0976032,188.8953006,7.681899023,15.99834762,105.16843850000001,6.331617047000001,65.97319183,23.48847266,72.73631843,16.98386613,56.66244694,59.42808552,21.7095663,38.01787526,5660.014368,15.70517376,1523.253141,0
65,33.86509177,68.58760623,23.35576832,31.16029529,28.85797175,145.8548955,131.7645072,18.74315611,24.95911716,48.45222457,161.3250878,30.12630851,185.6126208,17.3928446,291.0828437,204.8438827,506.4110237,33.54344593,44.64327621,34.17404223,31.79903324,247.23805319999997,22.96428563,66.66959232,48.62097773,15.98706279,31.07328795,62.11091861,12.58180498,366.9307495,179.8176718,75.78891773,9763.008015,1347.9301289999999,212.8793205,6.32099643,12.12066543,128.9474113,7.233485569,77.37689865,25.64010029,64.33576204,15.41810978,73.46066241,43.08231891,31.96472994,37.99076874,7577.62484,16.89622445,1468.075043,1
66,39.25294519,46.17093361,13.01072093,42.83870609,34.74118357,123.3895153,60.19617864,20.70565591,19.99125308,67.17674559,116.3735192,28.48218655,173.55895569999998,16.87620953,509.991008,281.31408930000003,581.6106997,31.14474813,50.42439625,31.91504994,37.94071601,245.2370253,40.3664553,56.25767401,39.46322623,16.47490225,33.80210062,58.31996707,10.29960425,410.6988223,195.36578290000003,73.35803044,10591.50512,1300.003687,184.8534296,6.527569893,15.66329683,104.3086507,7.180772221000001,52.77471582,22.09771054,76.94235061,14.21980721,56.97341582,44.46961471,26.03140003,47.49820208,5028.596224,14.64295684,1382.620973,1
67,48.88788204,39.06408724,23.37001897,27.92087018,41.99565020000001,138.6104291,94.89077931,18.72713113,19.57739629,83.62659980000001,133.23395559999997,19.10653153,320.2547148,22.77877092,436.2051522,210.13912689999998,466.4688716,37.50575294,59.68502091,25.43254619,44.47155667,303.324874,38.09656455,55.20201406,58.29256582,25.18020285,31.27213906,53.65549412,12.97131645,389.27961810000005,230.59381380000002,85.06867039,11448.17492,885.6212322,124.5167486,8.135172853,19.0341996,85.79781487,6.777132604,60.72939114,29.54215163,69.97753788,16.33193697,40.84073712,43.13721105,38.57435156,29.37589699,4866.267795000001,12.857212599999999,1503.0736630000001,1
68,42.62774991,58.97325827,15.78691096,22.44885566,29.25448671,139.8814649,102.9459312,14.81972735,24.99919961,53.76233897,89.53302342,35.28008178,199.8738607,12.34578785,417.7841645,273.6940004,474.6380663,29.79146159,52.08600928,38.11832974,35.93351099,209.041562,31.07210336,53.59234354,43.57555095,18.01170688,33.42227422,64.54918612,10.830680599999999,386.9316682,158.6916051,80.78911379,9971.466628,1173.002197,142.7274483,7.253483406,15.69435681,107.21671289999999,7.130291213,68.15388534,32.40251746,63.19515281,16.09201408,56.89685484,43.74093032,20.82513582,27.200570399999997,4940.495408,16.16887055,1210.233744,1
69,43.99482719,64.76448536,16.23915884,20.43287065,34.05550215,170.1338029,74.47689387,18.4449887,24.1599908,73.46499065,153.93484180000002,33.35388711,294.25885089999997,16.56359583,501.47535810000005,273.9466213,538.3038748,33.52092372,51.2277989,35.90706927,37.94071601,235.72631319999996,30.47085338,53.64262753,43.87180017,22.28478288,26.93428756,69.86872944,12.28896066,413.37863030000005,203.9948612,81.88679967,11615.79277,1213.534997,121.20631019999999,6.813258761,15.68272113,91.9806189,7.58143529,56.15606731,21.46751061,62.80010212,13.56749997,46.82012886,53.79558982,25.65828787,35.48238302,4618.984533,19.36418665,1511.6830810000001,1
70,48.069503600000004,55.43118713,19.16093424,29.78027147,53.35656921,146.9931382,182.50738090000002,16.82943689,18.83647365,91.75920584,69.23424968,23.73333604,143.274197,20.52920707,671.6519444,321.3665587,343.382808,44.09364998,62.34102627,36.32623647,41.42204856,223.8755242,30.17146826,61.53362157,58.94939084,25.91168626,35.35229574,85.12860004,9.495302748,442.8185964,145.7205969,111.69671909999998,12683.80515,965.9113658,101.95169849999999,9.003238264,16.58664276,73.68821492,7.00334908,61.79083654,28.76740138,104.6744117,18.08571839,56.07967176,50.8204766,21.87311822,42.11986771,4749.269797,17.91755652,912.7772347000001,1
71,32.98762483,38.64540552,12.81552788,24.09592033,33.81304412,122.71824960000001,158.4079575,17.65867266,21.98849565,59.86247405,85.58814058,28.95398464,197.4522504,15.91172122,419.80455199999994,245.3024784,565.6433971,20.64361894,50.81790516,26.28013898,37.28025957,287.54640689999997,31.97483479,42.31792548,45.32009562,24.84188941,26.13771285,52.68162712,13.85966998,339.9116503,204.0473268,69.46796835,10171.67746,899.2902393999999,141.78931430000003,6.200660926,15.59063733,93.47845600000001,7.075391607,55.10418552,23.50133815,75.71671944,17.672472600000003,42.93409867,42.10355072,25.09235546,34.63222083,5353.141229999999,15.39488302,1034.422611,1
72,39.30325792,49.80007466,9.109898626,29.75280949,30.35255376,146.0075336,259.1419916,17.27655903,21.66885474,64.39800097,99.87689043,55.60454864,198.29177130000002,18.03684375,473.4410529,313.3015289,501.55322570000004,26.22667481,49.57617291,19.67777232,36.2959834,224.5381849,36.00172178,52.95195336,32.97288003,19.33303189,33.89858152,54.18501422,11.01169766,420.27854519999994,172.5112934,75.3302807,11824.32329,1185.5246949999998,103.5106212,6.916734119,12.22558843,127.5009335,8.565093527,55.41109608,21.20067068,45.2848006,14.83491751,50.05162486,43.25059275,21.2653545,32.36020854,4764.403878,14.48734178,1352.712939,1
73,39.22569217,40.84645587,15.33068229,36.87655549,35.95426469,133.4443118,262.5017081,17.74962943,20.33117937,70.30293427,81.95783673,36.01050684,185.7325677,17.84030036,426.8919063999999,261.33363340000005,485.6358109,28.84471292,50.095774,28.381993100000003,36.83519564,204.2542093,27.95003142,47.86214005,39.39012254,17.33222542,32.29399458,52.96652665,11.55953132,400.0456977,153.1343368,61.57876379,11547.71671,861.4373101,155.305165,6.849867112,14.62998109,88.66445818,6.420145529,60.03791622,23.36619635,63.91497133,17.88504694,52.64643733,50.89902091,20.74176847,26.11451491,5176.603125,19.38102544,1148.440183,1
74,42.65982079,44.32405599,18.51535107,18.14421833,52.91379548,98.57548511,176.9186097,21.97342721,21.13313654,80.12641365,162.1796507,34.99471128,252.31182290000004,22.5680678,422.50365159999996,161.6279621,571.1377761,47.62707356,52.370301299999994,33.09145909,46.3914489,234.17804269999996,39.79496494,36.109035999999996,65.06338603,25.60285872,34.97148128,72.99779597,13.74471417,308.4767614,207.69878980000001,66.862111,12006.43314,856.9326435,136.5547795,7.125054256,17.211644,84.28348128,7.706875045,69.34721309,28.60856046,72.0784459,16.07952629,45.38066987,39.37164264,52.27144004,33.26707228,5307.732690999999,12.18939824,1835.516032,1
75,46.78126602,41.66219657,15.58506212,15.48146399,33.13325419,114.00086809999999,52.76363305,16.27137201,14.81052627,74.69102543,113.48194720000001,50.082303,291.2004955,14.02471939,626.0247998,323.0153691,467.41265989999994,31.93228749,56.2840407,22.04011735,31.92693157,244.64652830000003,28.42067669,38.06351792,37.76440104,21.50996094,24.01575069,57.25869958,13.05883235,361.7426767,166.02722240000003,70.69905371,11197.81787,1055.1189960000002,150.7366056,6.4026804120000005,12.84522272,116.11809509999999,7.105710935,58.5035798,17.762244600000002,59.22773458,16.914703699999997,42.65556299,31.82593513,40.39119711,37.72262063,4640.356723,16.93394261,1359.1698119999999,1
76,42.59171743,61.38405298,16.25944378,14.36145485,38.48371046,177.2571485,474.9428125,24.32913294,23.308059600000004,91.86440125,95.69820769,20.51472628,164.6027924,18.37290693,480.3549353,254.06943199999998,534.1680956,36.40886848,69.87909408,33.99863688,52.23771912,157.2507404,42.26463249,62.64602214,62.77020433,25.67159447,32.84682454,67.5302035,9.031646375,458.3605278,161.962836,91.50096161,13916.89744,1100.184677,151.0154139,6.9222161920000005,18.46658256,109.5139619,6.944582675,74.01685853,27.22482745,82.51165424,19.71523497,71.94133368,53.39486133,27.13114445,46.49259347,6151.148115,17.2828232,1271.1248289999999,1
77,42.7470809,51.42917123,14.80502478,11.48472176,49.91858034,134.88564409999998,136.0615859,22.77684474,26.05374758,97.56690777,77.83299674,26.000185300000002,166.7229616,26.91221069,503.92212850000004,266.4632937,323.3233745,40.05101778,60.41998832,35.81854924,45.80569265,204.98989740000002,38.9262645,69.65239231,59.74110427,22.98726626,36.81094802,81.31755879,7.981290303,454.4708651,140.8830268,69.9164486,11903.76228,850.2374524,178.7708868,7.508605526,21.91732768,104.0577062,7.372617958999999,70.56847851,27.3511578,76.79811524,19.4461682,51.86045649,52.20550355,23.92645907,40.58112626,4813.164447,17.688808899999998,1190.217896,1
78,63.25589369,48.8213404,14.93598004,27.34721474,44.46619338,161.69295369999998,224.48729709999998,20.24969116,17.21444782,79.89116156,82.89246154,32.51611521,206.2155049,19.08621336,457.29679569999996,284.4071649,434.4700745,42.24582889,57.02750461,32.65316657,52.43982624,168.24175569999997,36.38628863,57.65808435,57.076184899999994,23.2460067,36.62566375,48.62256173,10.50019343,429.9875268,167.733146,79.65361868,13300.10486,1088.224124,137.2304666,5.321522267,19.41671183,105.3504744,6.916681382,61.38464865,27.53296356,51.71729809,19.41295724,41.67620477,55.05920981,26.90516035,40.37686517,4204.300286,14.94680267,1590.1311,1
79,38.4662957,48.13515397,16.6556644,27.73275429,35.20230518,183.3208411,357.9370316,23.940261399999997,19.26889586,63.59608278,107.36321729999999,31.33297822,212.0976756,16.60245865,456.44935949999996,258.9889976,579.9951394999999,31.04788307,50.22281538,40.71165597,35.24161172,237.0796463,27.51924529,50.22016975,39.62134637,18.16358406,32.25108965,55.44375254,13.95343096,449.5133025,155.97489199999998,81.48903268,10538.26687,1096.5379289999998,192.5248684,6.516304405,15.82815288,110.78348359999998,7.384002288,74.16717946,38.3491315,65.62597287,14.78557044,64.10215707,48.71087522,18.33639344,29.96243564,6152.427343,14.03648697,1310.798308,1
80,39.7531148,57.2314796,10.82419628,30.54886765,36.67911692,155.2649093,298.4395649,23.93443757,19.20895326,68.4281956,125.02449779999999,45.44485295,217.48709680000005,19.9345067,401.9981355,239.3304247,413.66698219999995,28.57552303,54.77994832,22.54092789,33.52503655,166.53342959999998,30.24970148,75.80651829,39.27155992,15.06521127,33.91952355,60.40863992,12.73297824,384.9232487,154.3561334,67.14718435,11745.98435,798.6756947,158.3416522,5.8104826229999995,16.81202964,141.5603084,6.447822371,60.93815856,22.75686627,61.61189482,15.77130351,53.12474109,40.216900700000004,28.98241682,36.59270091,4482.102728,12.44022781,1682.2308699999999,1
81,43.88235358,45.29258575,17.44687807,25.44778177,37.64908767,157.39893840000002,241.6337222,21.26936416,20.18538222,74.71903927,121.0083675,31.52592946,194.1749117,17.31803094,451.4264058,229.37097000000003,588.6380533,32.92517036,49.37729844,32.17271985,45.30344953,163.401566,33.95928079,64.3585983,58.56472298,30.09314534,27.64642442,61.81932515,9.732996255,373.639197,182.3211349,78.63730639,11433.18708,1077.752355,146.3951552,6.729755076,16.11835938,114.57750359999999,7.446394241,63.79343242,30.66161961,64.99054765,16.07334174,52.36217066,43.61840166,31.08731259,30.32792734,5834.365286,16.19682354,1485.352878,1
82,61.05027971,52.0763345,15.25089495,25.81135546,41.47709649,161.88124059999998,212.8436147,20.30482939,19.51112419,94.05684273,83.90774047,40.70257041,236.2515526,16.94906754,445.126629,255.2257356,479.32420999999994,37.82714531,44.106671899999995,39.47477123,38.96178852,171.0843518,38.94291572,58.83623399,54.4690953,21.97027465,30.02740717,66.32753475,10.49817029,394.93105310000004,180.103574,79.68840963,12599.50994,1151.493059,173.29557419999998,7.634147176,15.681536300000001,112.9807365,8.344629525,73.76517671,23.10944969,67.312755,21.466707100000004,48.45329929,46.03738554,30.67014325,40.45160386,5597.589596,19.30723949,1163.431052,1
83,42.86398273,47.13850176,15.64464482,19.83713812,40.90595563,155.57570780000003,282.412865,21.22791836,19.80007514,67.93240379999999,70.70611076,27.01734495,154.9844862,15.75828907,495.448743,278.02677189999997,445.3688973999999,37.09994132,58.53229737,37.51563311,45.46876772,211.1796488,31.56137163,54.48880703,53.34954272,22.8906258,32.70848426,64.23670557,9.074278888,437.74048210000007,121.51545459999998,73.95752293,12955.07727,647.1677921,116.6333856,6.603285391,15.26276035,85.02369190000002,6.978751687999999,59.14224077,29.89982219,75.29342594,19.10526018,48.52041551,46.26980135,23.07948297,27.84148002,5577.256859,16.24361688,1111.922098,1
84,45.87852169,75.73808297,15.54909814,25.25587289,34.2703495,140.9846222,285.4772559,18.28924988,20.51229485,76.33527583,76.20010074,25.79804793,145.7201929,21.85258432,604.1558711,264.8654765,652.2205104,27.3697623,48.63479731,30.98117594,43.39241571,206.88109409999998,34.50336105,68.92392712,52.88534174,24.49757433,31.32698452,55.95099956,9.149170824,479.2620847,108.37070449999999,88.0455998,11193.7825,750.384907,171.12206650000002,9.197029704,16.32321125,91.39542217,6.229161599999999,66.29586572,26.71075777,77.9950143,12.92169122,59.40992244,48.82756742,30.82574805,31.62963495,5506.920247999999,16.51133652,1392.971475,1
85,36.18996983,70.8840436,22.45651267,10.09298493,26.10314983,152.5289202,624.9907381,21.60301845,28.58421965,68.95168965,72.39273413,30.64462191,107.2793061,18.71476464,561.1151284,320.36839060000005,519.8141154,55.89223651,50.19420823,35.0986102,39.57770358,172.6982915,25.5731505,101.0597706,53.24226346,29.76974585,36.72691978,75.72055078,9.88668591,506.0068131,135.08587319999998,80.64789652,8922.547739,913.2980862,154.9622504,7.168150858,17.168653600000003,81.91586575,7.737019983,65.01807782,33.56368001,89.64834223,19.66525515,64.03407864,58.67910657,17.13882144,34.1107365,4153.840198,16.09815002,900.2095127999999,1
86,48.28265148,50.41663761,22.35037295,21.38462495,55.10414733,114.6776949,108.817743,18.86810985,21.98261331,97.19390899999999,74.36443973,24.90602706,209.8659059,21.90624037,520.0267404,255.7068503,349.9335064,41.73818614,55.56517253,36.29573182,49.6119927,188.7678156,42.48386155,64.1801386,59.9213823,27.56930512,34.29178267,75.47720007,10.83306817,456.2889797,169.69073659999998,92.63233659,11824.32329,716.6515437,113.53765190000001,6.205584056,22.25698085,65.01235455,6.61842529,99.76570075,32.62961364,82.43482302,19.28871326,37.14314315,53.99489097,28.37265002,47.7907002,5030.269569,26.98605155,968.7502719,1
87,38.48968609,50.2586495,14.20600507,14.59433935,33.37315093,191.5252773,52.7022993,20.78974273,19.49186189,64.80184571,95.37954531,28.77982671,191.5015156,17.15667408,482.6176943,395.0430308,590.2588675,29.40168637,48.47547063,33.86234548,27.14248677,201.5582465,30.55547493,63.22889054,40.77011158,16.2464094,30.93915736,76.42914573,10.39335839,505.3341959,143.85574230000003,75.53827848,12673.52298,1195.319023,181.76819819999997,5.704767144,15.72037797,111.3537243,6.838524127,56.39353988,31.1195221,63.80590318,16.88641301,55.45912694,47.70392273,22.96153205,33.63074889,5120.7165939999995,10.98174948,1029.330097,1
88,40.54168088,47.62413553,15.50466017,16.80953604,38.05380999,160.72204330000002,379.4397466,18.10258726,23.71542799,80.91582622,82.06527581,23.63061055,185.9079944,16.96819264,490.37852819999995,367.7424724,577.7469787,34.57774785,50.52316101,33.06282286,35.27448219,173.3086677,26.47693099,74.87960918,40.44198766,21.14710105,26.83883231,72.58079731,11.50523862,462.5511177,153.7228693,98.89070366,9611.061075,1139.954084,192.99410890000001,7.573247091,16.03477272,108.5124675,7.81465401,69.78557740000001,28.20132418,72.46547977,14.2317878,57.15686963,50.73041298,24.84884689,35.62521955,5788.123543,16.4490345,1190.2426460000001,1
89,42.66718424,66.78313897,13.27988732,19.6487278,38.20824268,150.8013987,283.9836381,16.84640675,21.025016100000002,64.10726698,85.1379236,35.44720572,139.2810332,17.58135063,604.6389047,291.7334492,413.2098973,36.12913978,63.76014477,18.93022955,29.88364037,193.9711122,28.38748237,64.48514724,28.683099,14.12044842,34.62307605,57.92715878,10.40047129,438.5908791,154.1153765,76.39598955,9875.992325,1071.220678,133.7520321,10.12660726,15.42958121,99.76514753,8.486037182999999,62.40470933,26.37570955,58.40212669,14.26829456,59.45593811,33.29166223,23.85540046,29.78124166,4188.941438,12.84840171,1474.602099,1
90,48.64551861,38.39809945,19.95593541,30.50923287,44.47880121,126.55099150000001,270.5322918,18.54792637,22.09127835,89.35577082,124.2815216,31.32672395,194.3238273,20.84260936,474.01141770000004,238.8662142,428.99172230000005,39.30004338,55.41378471,34.0870773,44.67745185,219.4649895,36.68076951,48.76986251,58.14797316,27.15933029,34.62847622,58.535056299999994,11.45649636,419.9008796,148.4355659,94.69976891,13192.22235,1019.30635,166.02837319999998,6.715454295,17.33937509,99.90867178,8.099742254,86.51449722,26.56912848,63.4360924,15.88820238,67.19886683,59.151178200000004,23.60505599,46.02140106,5318.11773,18.84101784,1299.553218,1
91,36.32968622,65.69824832,15.02285386,23.59308221,34.78549632,201.8969071,315.17886830000003,22.08565937,16.30500524,65.73509934,81.55582399,30.30105248,172.0059904,16.41764168,448.4287606000001,281.52241789999994,508.59025189999994,33.79106697,44.54661798,37.15176895,35.0329361,220.4981895,34.27329517,93.32870679999999,40.75629493,22.33124839,27.65752205,69.05892636,7.859164777,422.07863679999997,142.2586926,108.48238559999999,9365.433117,1143.4123,166.5318136,7.718893219,14.61801992,115.97371090000001,7.184247238999999,75.36851175,27.61107207,51.18573872,17.84817922,64.69337169,49.44960185,22.88156778,28.73798492,5424.2952780000005,19.50943375,1321.655078,1
92,51.62918789,54.47222907,20.177087,15.42124139,45.61482888,150.9900844,266.1255101,19.81891393,23.48783771,84.49944731,64.21898687,31.47546966,172.78557869999997,18.70742388,735.1597648,256.613098,420.51749129999996,41.17375153,59.94684826,38.40313011,51.01770159,176.7602419,29.82143962,62.18005553,60.09424788,25.70207622,26.77977622,59.33995798,7.874787538,438.9686197,162.7175441,94.25315458,11548.27702,1052.919919,122.6202125,5.93476128,18.26187508,77.94658977,6.235745291000001,78.30773964,31.35844248,76.77629306,18.70078596,63.03490396,63.29668328,20.29724479,37.68459545,5283.250133,17.51543605,1266.612933,1
93,49.94315304,50.06432416,13.90196584,12.12382477,46.57371307,153.2100367,221.077593,22.54475614,28.92309429,95.28809008,90.85462170000001,20.10077191,61.33628996,19.81920241,321.5934026,464.6855587,552.2271466,35.132905799999996,61.72119117,41.95616763,54.95637729,114.2828413,43.80361404,116.3310977,43.74872297,21.82232632,29.02560031,91.70732076,9.147160719,758.5118977000001,129.0096344,97.66589805,12035.2626,1047.816231,130.971945,7.5042037520000004,16.77614115,91.21846576,8.402653541,73.78133559999999,35.53956209,61.01186812,20.59325532,61.41771782,62.20764561,10.39268843,47.87730365,6652.910914,13.83155065,547.5329587,1
94,39.82084692,48.30970038,17.73793303,20.63499237,45.12365421,154.32200690000002,528.2525441,19.74066931,20.29700562,82.90441339,71.1206202,28.03375315,135.994359,22.93988096,681.5184954,425.0842513,369.0352966,27.14668256,63.04657092,25.78608775,47.25928836,200.3458756,28.78349749,55.64688401,35.88072161,19.95282336,40.43837166,61.56617355,9.30777283,504.89549689999996,138.2478276,82.44785184,13307.20533,681.5246366,146.9838667,7.237944272999999,22.49960861,57.46955608,6.7868729210000005,75.53168152,34.39066243,71.58929663,16.51920096,56.99498197,45.21698834,20.97190485,30.22142955,4959.262927000001,14.31412918,888.2635617000001,1
95,48.42996315,41.52654674,16.04609123,29.21525548,36.28667597,127.90386059999999,193.705217,18.07630626,19.71013838,66.88862576,78.1717267,27.10000101,258.5377252,18.32011939,479.88270199999994,218.7492105,470.9463801,38.68123628,56.48821469,30.883578000000004,40.26074602,210.60049249999997,32.95738794,61.65961602,57.23969184,21.31465797,31.37842424,48.50743537,14.07383891,391.7927796,158.09467880000003,103.61894570000001,12309.54657,678.1774481000001,126.6639355,9.473614717,14.93653911,78.59670899,6.053900652,58.03784312,33.56354042,73.18626421,12.27237018,41.9109698,45.22413489,26.32133941,31.84612649,4542.056699000001,17.66256543,1454.411705,1
96,42.19838849,59.58523602,17.05807567,30.85257503,34.72074503,128.98093300000002,79.09398069,24.12322689,15.90190829,87.13545748,117.47174640000001,23.2868404,199.9388475,27.10794792,379.20968480000005,238.7980094,658.5631602000001,29.09565865,47.59839427,32.68314701,49.32458474,222.4985309,30.89661754,79.82064325,44.44342204,21.45929835,27.01994813,64.0981583,11.13278778,441.57601460000006,214.5931181,83.61489158,12585.02097,833.8320408,199.6459506,5.741274361,15.3472791,173.2779176,6.170990185,76.1611839,23.22672755,39.32225084,14.01706118,44.88274476,55.32838853,33.572289000000005,39.55606472,6769.905593,17.97887694,1256.008054,1
97,55.80869475,57.39177145,17.54554675,18.84814973,36.46417883,190.32562430000002,519.2030327,16.15885423,22.58114913,73.34928512,81.84316317,27.56298058,159.5431658,19.99329015,735.9995123,276.9928641,317.55066919999996,45.18393459,64.24636833,37.86192872,43.77602336,210.24096609999998,30.16216329,58.38662442,48.06150764,23.47735539,33.32865055,68.56165359,9.603944058,472.27488289999997,138.4194627,83.90035442,12242.57997,608.8803735,129.54369590000002,7.422200634,16.25000211,67.47307466,7.282526267000001,66.4407291,29.74274713,75.39458476,18.57081209,74.31435438,48.29215704,23.05578688,34.28945336,4519.382657,20.81813608,889.5198562,1
98,30.44904341,49.88312699,16.25142139,26.68999259,36.77154782,179.2997915,236.42700150000002,18.98410395,20.81745788,73.03924767,98.96098809,37.58312174,202.71246580000002,20.96128127,423.5889076,296.1667764,517.5867948,32.48358597,48.59783031,35.98191337,40.18908984,201.9751512,30.38176965,62.87562802,49.26830726,17.11851914,27.92259267,68.47004237,11.61849261,383.84152919999997,166.21779119999997,78.79537248,12922.16338,1033.727347,168.9901093,6.65355786,15.61016628,113.2284745,7.267836679,55.60828735,24.33291069,67.89728586,16.39797772,52.11807885,47.54527271,33.91014387,30.52357417,5957.659683,16.35963891,1254.833296,1
99,71.77149165,51.82495308,17.07985711,20.57275357,48.3160296,109.09045,152.3799208,27.89645703,26.35520484,95.95040561,66.03907465,26.88398316,222.9004934,23.24702184,575.1777268999999,236.84411260000002,477.76388770000005,47.96073955,48.11533939,47.21236996,49.22683225,194.5842324,49.06026087,64.65719429,63.32318868,27.53922395,36.4565213,82.62600446,10.14511279,474.393029,213.761911,88.86331154,10680.9326,848.9177674,134.6101139,5.706313462000001,19.46554725,53.42655172,7.5844733170000005,65.35093626,29.98826186,78.32646806,18.41667868,44.60751885,65.98887878,18.94083464,36.2398229,5267.1980810000005,22.58665933,1082.784181,1
100,37.39778709,41.15263773,12.75551285,29.1893059,41.99777523,132.72386559999998,282.3768486,20.75508593,20.62138033,81.22275174,114.565909,12.76119917,291.11613660000006,15.88765175,441.6130515,316.5827856,424.77145240000004,35.34428373,52.78576434,29.1081854,41.97332941,222.59895350000002,30.74760212,49.47843625,54.53486661,23.26148024,23.997064,57.25723111,12.57905815,353.04175160000005,187.2161393,69.57523638,14142.30835,875.9228532,122.78095619999999,6.626164407999999,15.91792082,102.70759079999999,6.122398707,75.51576740000002,26.49820998,63.08783775,13.89969191,47.96200283,47.46002647,27.70704599,29.71577289,5475.329227,17.06288862,1765.743414,1
101,41.65607488,35.56970243,13.41179099,26.83513052,35.55624333,155.57376680000002,370.36449730000004,14.24143877,16.44900029,72.67010068,72.61879068,26.78449147,162.25892219999997,15.8097648,916.1709447000001,397.8966659,303.8315758,34.9524093,55.12385962,35.6381366,33.18043741,194.89874630000003,30.96569669,45.31004442,32.87010136,15.35132205,34.62175614,63.04683313,12.35034981,506.80993650000005,128.8210012,82.41945393,13760.92662,545.8436657999999,175.0011994,7.100885776,19.77991059,68.45153554,6.5632755320000005,52.19819447,21.09578693,70.99059497,14.13918442,39.47291067,29.74047944,23.38575336,36.28629869,4171.469553,12.44450551,754.7797986,1
102,53.10522835,42.83472734,16.4668192,18.20714739,44.85677513,146.1902211,148.6209823,23.87132927,21.19160569,100.92725420000001,60.95940854,20.88469255,99.41316422,19.56164783,636.2376777000001,402.66380899999996,306.99109560000005,42.47558759,70.55507725,38.57916465,59.4698693,121.9878794,38.399350399999996,78.97395298,67.16575753,24.52382313,35.86523056,89.39021426,9.127210472,509.5634538,133.25686059999998,99.26470963,12744.61349,529.0785065,107.14286729999999,7.341841658,22.14177537,45.478129100000004,8.739604537,63.25839294,38.84753088,78.33765297,15.76582761,67.51078082,47.02490096,18.85582018,40.36351752,4863.873525999999,20.07346827,826.5933804,1
103,56.06599067,58.48399666,16.65724612,20.31973948,43.42340642,144.55222450000002,74.10536049,21.83698842,25.11107698,91.82289417,74.12549866,21.2514592,138.87884069999998,24.12799283,437.54057489999997,251.3109983,436.1655455,41.01813522,59.68477268,44.34854906,45.96889239,142.8050314,38.16880199,66.67176431,55.84642405,31.87035093,31.72965655,74.17905584,9.412611175,493.19863610000004,141.42672919999998,93.21808691,13088.93414,1017.899209,142.90325819999998,5.610226432,19.23568099,68.02202263,7.349830606,87.19194763,33.70645505,69.82791545,22.06388596,78.06538072,48.20904681,19.8100278,62.45101004,5449.204807,18.56494325,1029.83679,1
104,47.37706758,67.03483085,13.65016041,25.1965971,39.86572497,156.7299408,588.8935247000001,21.51847599,24.64171906,82.2360463,78.06051090000001,33.99741147,124.37217959999998,21.32172121,497.15951210000003,339.8706568,555.7822694,28.13302926,57.04391128,19.01524998,37.87431786,221.7870008,22.37529813,119.05669990000001,25.23268804,19.47876088,39.37811099,58.87099066,15.02728006,507.44652919999993,204.0780205,91.76671126,12364.01766,828.1039115,159.4832389,10.491216,15.28501433,86.6941055,7.074837444,62.44581572,33.88591916,57.91776396,16.80653022,68.19490259,37.37752144,29.25902926,27.01470457,4833.726064,8.522998037,1411.2520880000002,1
105,42.24389629,50.67179392,14.84118105,23.20691747,31.85191042,153.9540489,311.6670871,19.8908221,20.77651823,69.98971363,103.1957682,29.98774221,179.4966365,17.69462154,583.0521022999999,378.8576318,424.8377041,31.83584164,50.93417244,27.0787643,37.75709856,210.89981219999999,28.88338652,58.06110001,43.31251375,22.67286814,31.12495832,51.52533234,10.83270024,398.24570710000006,130.1910082,84.17401333,12127.37761,795.0043807999999,206.74276030000001,10.20562761,15.40306979,76.03211404,6.480656645,58.141202299999996,26.36711829,58.48553713,13.05441587,58.35344802,43.30858105,31.13697745,34.80068986,6142.371262,11.8761721,1026.181353,1
106,50.48129447,47.63991718,17.17303351,22.09910443,45.41824327,180.5893495,195.06079069999998,22.03668028,19.36488461,85.35945146,83.41506171,30.78216929,202.0793369,18.77152559,427.589021,184.69103130000002,540.0132514999999,44.3989299,54.93238402,40.17352082,47.07391703,217.3586952,35.16706429,47.84379751,49.10462471,23.87683984,29.62497435,79.95220959,9.988118932,352.3474591,159.54681519999997,85.48219212,13481.37474,1014.198268,127.0246783,6.448841449,18.17349512,120.5033129,7.144133302999999,72.54322608,32.68128942,65.42785188,14.27842555,43.89099284,46.62856092,23.27285017,42.58808634,5115.962592,17.17303351,1684.0858859999998,1
107,40.38747367,49.82576325,14.36575588,32.63189805,36.681557700000006,134.2143388,292.0375355,19.74927791,21.73141182,66.93950604,113.7215612,32.24713311,178.018825,17.0665081,491.86548089999997,327.3735603,615.9481069,31.3863857,53.10787872,25.91324888,37.11388186,194.2729193,26.49110284,50.87457739,31.13693429,19.64115684,30.38391775,62.94897579999999,11.553956,424.4297577,175.69033280000002,68.84247212,10828.68172,1085.489458,166.722846,6.62124723,16.79216101,99.46534123,7.287257651,53.24636004,26.11503985,63.36586636,16.51583494,53.22149015,39.16060097,25.38265366,34.77149037,6199.043877,13.39212506,1392.5274,1
108,40.04269027,57.05035663,13.5970427,15.20826847,32.95418989,158.72537759999997,320.8693106,23.0262728,19.13436342,81.13665944,87.56375998,33.45249707,166.1002,18.50599755,439.97629919999997,257.7774046,894.9560344,32.76167014,53.18280627,31.91128945,33.61594962,176.7998205,26.83360531,100.52886540000002,47.27481803,21.19072438,29.88966868,65.06352133,9.410099645,486.01397910000003,202.54378400000002,97.05475557,10478.9751,1164.940052,182.49511040000002,6.623400055,14.587118300000002,148.31235759999998,6.9643514060000005,66.48007018,19.39574115,47.20075398,13.70011407,50.670037799999996,45.56919564,17.36109453,33.23531218,6848.631401000001,16.51530834,1495.705059,1
109,45.96761788,51.31988385,15.09254293,14.39753576,45.04484168,153.6528802,74.80485489,22.946751100000004,17.44816001,95.13537596,75.05030345,30.18906144,173.6748451,16.66126459,671.9876925,188.2167221,449.13115769999996,41.7558376,58.21378831,30.86568705,47.3605523,163.3038507,32.29334544,67.06768966,59.80312628,29.13856652,30.24777253,84.90172729,11.02380218,502.50634410000004,155.4479736,84.8230233,13609.62788,809.5980472,162.6115587,5.804291599,20.51845219,108.73691559999999,7.127321485,72.66194103,30.757194300000002,78.63447207,15.35069426,63.97081684,50.90427798,20.72346013,43.77268573,4729.2641189999995,17.30531143,1350.988801,1
110,46.11643226,53.84666168,17.34373844,17.93351026,41.38580171,178.20981669999998,97.52113421,23.31374718,20.69960023,82.53476333,95.29264755,35.40207457,182.8850074,18.60298207,619.7007912,271.4765925,438.932413,33.86518566,58.30145567,36.34973648,54.75398261,187.9541552,34.03733079,53.66177979,60.17131579,23.56619607,43.97903368,56.84115638,10.49963303,403.6455006,136.36305349999998,83.82420557,13477.26375,990.8590239,165.3311778,6.91642729,17.48015412,152.8438825,7.942999982000001,67.67133759,25.18805818,55.71770771,18.05659551,56.21039313,46.38566116,20.51206736,38.11669164,5788.725377000001,19.00964915,1467.1900039999998,1
111,39.88515557,58.2620274,16.4184269,27.43863865,39.72496381,184.9451939,207.2243892,21.41565652,17.54838064,81.07133528,93.16395622,26.63883343,162.58789050000001,17.62464141,470.19682919999997,301.3919346,403.1905458,36.58542213,66.83727454,35.93816894,42.35448963,183.1644867,40.57524779,55.63080203,38.64245907,22.16720544,33.23996597,75.84924947,9.99116562,481.3108048,140.79692350000002,78.30920518,13695.36409,757.9994545,117.8183138,7.183355921,16.09154561,77.56812373,7.059871869,64.47875578,24.81194626,76.66291763,17.14636673,65.4239518,49.30089732,25.59980649,43.83261969,5736.0425079999995,15.16175655,1101.023846,1
112,52.3783969,42.72898079,17.6435382,36.7423246,42.89257429,109.6642895,114.4543908,19.0864118,19.06167509,86.69458623,81.62397133,36.08786777,211.229277,21.4377858,514.4382125,304.0614273,369.6807215,50.42656329,50.71691194,35.4607956,50.86604432,191.3763839,42.17689544,47.17896944,49.88772585,25.34845655,27.83275858,54.72844649,11.40368351,377.2892018,156.56934909999998,60.50271591,13440.60072,858.7914394,158.08284430000003,5.929962576,19.41284959,85.48219212,6.763551519,65.63807392,26.74479055,69.22537218,21.84578435,51.99600947,45.45213003,23.75930944,42.56370996,4986.04435,15.47742969,1092.607867,1
113,37.82940028,38.72716531,15.24311659,25.81434344,40.18571929,125.5652112,122.7171438,19.60596843,18.51645482,72.78513843,120.617297,45.51575163,221.02580419999998,17.73441701,352.7611809,260.0081436,627.0423175,42.13297842,51.19815797,31.03538203,37.08371825,212.06621669999998,28.63310062,65.0535553,42.01687615,18.75145969,33.49929897,49.47792181,9.781400196,360.9519531,215.7169903,74.1256528,11376.5855,1296.0898320000001,191.691559,9.18005629,16.96694597,129.70533400000002,5.42893797,64.67754439,22.57240132,47.7684116,13.06276138,47.18243597,35.46369611,26.7709049,31.51972407,6127.912577,13.53515966,1022.329117,1
114,37.601648299999994,78.26899418,14.59563426,21.52542772,40.47420954,196.558644,683.6110941000001,19.50952841,20.28053773,64.48309118,66.19126786,32.10277265,142.17224130000002,18.12830332,460.245562,332.4551693,495.39139539999996,37.09559562,60.39591215,34.76565824,36.57064077,191.14385369999997,29.70028768,114.43289340000001,47.8388565,24.48348463,37.42888069,76.25441688,9.523771454,500.7966148,114.2378561,80.93888109,10482.46215,1036.626166,154.9613911,7.435557932,18.00316933,81.12119501,6.159763667999999,54.05016062,31.70463802,46.04380003,14.17178914,65.07651102,47.00033061,22.99164841,33.3301753,5098.050679999999,17.22925004,789.6316462999999,1
115,41.29840045,52.01021152,25.14573817,17.27483469,46.18597759,159.9820241,157.5266379,23.125201,20.19170734,69.32222233,95.05120424,29.52059715,198.7924286,17.1928761,364.7598179,241.3145341,452.6176393999999,47.18972961,49.60807257,38.11019276,41.547161200000005,156.2792038,34.12492571,61.40298984,57.43053117,25.42840383,37.79116268,95.83136413,11.00245831,370.5773769,120.79768529999998,82.03297244,10356.65145,844.0917421,141.1378375,6.192693314,16.57456383,97.86648641,7.18885996,66.35199783,35.312498600000005,53.66289567,17.89210221,55.26656339,47.17269108,19.57225392,36.55305291,5459.2611640000005,15.21016607,1135.758195,1
116,57.10222276,39.15951522,17.19394868,24.95935937,42.82436651,137.9111221,142.86453369999998,21.393817000000002,19.71664258,92.72869844,76.99997114,23.72050797,169.87526599999998,24.30383373,637.2938817,381.83115180000004,398.9015724,32.21094317,53.62660437,45.50505774,50.71765019,212.6653233,34.90541599,51.66402002,61.68791585,22.09386631,27.75631231,77.06751673,10.94862657,429.97590319999995,158.6173747,92.85051455,12876.83128,901.1459661,176.1541923,6.513766481,17.01221396,64.36698552,6.492094498999999,73.0558552,39.28585353,90.86929621,22.57944312,54.76305403,42.6747856,33.77116398,48.83927909,5692.315850999999,21.73624761,841.9676541000001,1
117,51.43366307,44.3925907,16.48191533,32.55251263,44.99088996,160.57027130000003,105.77735530000001,21.99755082,17.26132133,85.27878627,71.08725392,28.09000546,144.22485469999998,24.98669183,463.82764510000004,203.8051927,342.7481337,39.81187738,59.62646901,39.22128777,46.01932763,177.0681596,35.943375599999996,43.42635621,49.08424094,26.09379725,31.12495832,84.73663891,8.993701488,421.26813980000003,131.40897479999998,70.87765658,10713.78032,947.4769264,150.8426928,6.11173504,20.04450659,105.2922908,7.212797897000001,71.65731094,31.27491374,79.1648996,22.74757736,60.63605545,54.69662839,19.58232282,48.68505275,5307.585532,17.10479609,1062.067688,1
118,36.34411827,62.71310301,16.46168373,22.50282152,33.36709076,112.4326314,165.4812557,21.45278432,21.77470095,76.7983814,93.22493623,24.51326926,133.0991917,17.90196441,486.0655243,277.3046503,459.2293375,46.06748715,58.29939472,38.66761829,39.28792314,230.0982179,33.41956385,59.18033672,60.77583902,22.25156651,22.86083192,56.07527946,10.39341602,449.8698901000001,140.5160386,120.720343,10647.89035,1114.1285599999999,182.80440180000002,10.69294987,16.37344507,93.53134313,9.560227832999999,86.14290074,29.93519992,52.90242681,14.39007294,60.67195945,59.45342425,24.24714532,40.50732749,5012.171276,17.75816984,667.5652282000001,1
119,47.7544079,56.13583026,20.93578342,17.57159198,44.45106254,112.99326709999998,52.50569474,19.59552064,23.96310581,106.2416759,89.26452274,18.64466538,197.6416233,19.18621202,427.53182310000005,213.9888773,596.9987083999999,41.29044323,61.80381544,32.91706955,43.47825097,183.75618500000002,39.46620791,75.79369838,46.32111256,23.99320534,34.89361103,84.38396659,11.42921173,437.62216490000003,181.7942804,79.23544272,12666.93623,991.6725421,143.82264130000002,6.4463029910000005,19.58009691,99.15756922,6.344352803,69.94451395,23.53808425,80.7087396,22.05156282,45.52256675,54.55694668,24.64720246,42.46866932,5587.975577,17.33935106,1543.329078,1
120,47.54955716,36.74471865,17.74635711,23.88816284,43.91822979999999,132.4259456,114.5981544,22.38828324,18.63634451,95.48836167,88.74894103,28.47541573,197.38916640000002,19.20136542,460.94985379999997,231.3209304,418.4823597,39.33667196,58.91287278,32.06761159,46.20019385,210.9074139,35.67211869,57.41584396,55.47327516,23.41168715,34.60227527,81.01016271,9.993762964,386.9614396,163.131774,73.02704759,12927.71789,1198.288851,146.3863273,6.041622321,16.81232097,93.36286965,6.159763667999999,66.71239822,31.22667381,71.27686606,20.35664636,48.02540916,42.32687286,24.97458846,34.84961952,5570.148211,16.95341493,1217.2670560000001,1
121,42.61504646,52.95074216,12.72485225,23.62677806,38.88721469,112.35823059999998,312.97595210000003,16.70154891,25.14579046,75.58484011,89.57889718,20.59432591,125.0899435,20.10702871,537.9211859000001,259.75649269999997,330.1997002,36.01202946,53.09186809,29.86839893,33.90955625,197.3575635,30.69553691,71.97480151,48.27820058,19.67456727,30.87869762,62.82692215,9.890606562,394.8831506,156.37347450000001,80.63492856,11223.7721,1004.385228,157.4793661,7.085339585,17.06304238,79.60504721,8.081488263999999,70.03829217,26.56122905,73.07332755,12.39343329,64.7854081,45.47239227,18.30205827,33.93349209,5623.567781000001,14.09756412,726.2900473,1
122,46.48640645,55.36249282,13.74238975,23.67738748,32.56379643,91.29323167,182.57494680000002,23.6447175,26.43519383,78.80995651,103.5313585,27.327564799999998,126.1976294,17.77621172,488.3849727,284.2437861,523.0010382,40.29011449,47.85490833,36.01302794,50.72700222,161.37944240000002,32.0141988,102.2969272,41.74785011,21.55823257,33.07357287,67.44656198,10.71094599,449.3977216,151.88630680000003,110.1137637,9386.099248,1019.142449,192.0759395,12.07137407,15.99228297,88.87027208,6.42679743,84.32087893,32.68316967,64.08638557,19.88347485,53.61935649,65.66847285,20.15384219,38.9283961,5215.139035,16.57470169,833.6384439,1
123,44.72647018,40.85495053,19.85346616,17.70166304,47.21070101,129.9987553,170.5805091,20.79199087,20.96155733,102.1116738,91.57424523,17.20687258,185.53364230000003,19.82359894,409.12446489999996,269.6589299,502.65823059999997,35.79469794,56.82823488,45.28881858,62.46824093,111.2488799,45.24504816,77.63277754,52.18697956,22.68467366,36.49184021,67.75042071,9.969457495,424.0465982,151.257304,83.01407152,12467.54682,777.2225775,118.6721835,5.897383443,16.51156542,110.65601000000001,7.635311413999999,67.58602214,29.09721159,73.22371168,23.73456988,59.17849082,54.71668794,15.75154022,49.93273412,4770.285836,24.93655043,1563.171117,1
124,45.37286958,38.68364942,16.149415,42.81899412,41.17617745,159.9874579,182.492707,22.1139065,15.09561888,86.50790107,140.8199573,25.97543492,160.3045984,19.56014283,391.1136291,245.9175693,515.5130003,42.50530479,53.44395981,37.40242744,39.02457458,226.75931409999998,36.99593871,65.73377799,55.55631482,21.72776687,32.77618418,58.45234504,11.78621023,376.9036615,168.4540145,74.83047356,12705.18709,865.7351945,127.21676540000001,6.857553631,16.51441546,135.6263794,6.127174757000001,77.36295517,23.1856457,68.88017963,18.89611834,59.47345567,51.2578123,22.57298023,41.83860951,6661.863138000001,21.34767429,885.9165509,1
125,49.25055237,54.89820221,16.31034055,24.71947161,39.580145200000004,123.43374070000002,298.75581830000004,19.33691847,19.53727021,69.01600211,86.45586909,46.92354156,284.7320333,17.03638106,321.5677688,174.9742726,432.2529501,39.8641223,47.93541442,33.76734863,43.443065399999995,184.2101824,28.69139083,78.8563484,39.13444284,22.26911006,30.305967600000002,63.91377517,11.60981437,326.5418294,194.79569719999998,76.06289791,12673.52298,915.4193642999999,143.8629218,7.1471447139999995,16.20037159,138.0907621,5.977006037000001,65.22589816,26.35195333,65.42916708,18.08267238,55.89060939,44.42672841,27.46188974,26.95516807,4910.655839,17.68201763,1952.436619,1
126,57.56160841,56.53506307,15.67674353,18.13022595,38.77465393,156.45272749999998,295.7739123,22.60913669,24.10275243,86.00573744,71.97859318,17.98868722,143.496526,18.23895288,730.887728,366.2218349,438.932413,38.71213579999999,52.00884161,33.60830783,37.42127995,199.3642612,35.07236956,63.90934516,52.08171317,19.67231724,27.81229708,64.89956935,9.641542673,501.83316219999995,97.99315006,93.34475143,12992.66716,449.884858,167.52632409999998,5.609487625,20.315936999999998,69.11528998,8.745361373,75.26269265,28.64515025,66.64187098,17.14636673,42.87643347,50.44509179999999,19.85492492,41.62418155,5913.637110000001,14.96431152,1285.585636,1
127,51.76026147,55.35619979,19.21071087,22.38595561,38.20201946,187.5573513,225.96711150000002,20.01005184,25.01908287,83.97308004,84.03823749,20.30927733,159.413721,17.01755656,492.9556341,256.8510213,575.5769468999999,32.09240491,55.66131162,32.38547502,44.59867673,235.87047,34.56042371,77.31953199,46.27185399,22.4121477,29.18724226,75.5983059,9.64080757,492.4293697,182.28537419999998,88.03302881,12348.68673,936.6206268,136.29615,7.158518282999999,16.90517446,88.06977042,6.5133962620000005,73.96100892,30.29678915,78.73826402,17.3914703,67.79627016,57.14538153,24.09131101,38.12657418,5283.909347,18.04354617,1209.18561,1
128,47.50719098,91.3343094,15.56585588,31.79266391,42.47541094,141.2479384,168.6149914,18.58654872,20.23149463,76.76777877,89.61243279,19.74732046,106.48297690000001,16.89541638,481.9404221,283.87244389999995,398.6843045,41.96818014,59.9132006,34.57599827,41.36804861,147.71955380000003,32.2318703,101.05479720000001,44.88031821,22.05468118,29.19746073,76.82207355,9.297681462,443.8692635,135.72813530000002,84.52586676,12722.81244,844.1525926,147.83325200000002,9.805485062,18.35904361,67.35354614,7.121059957999999,86.65625594,22.17631884,82.13760636,17.3287778,72.98742407,45.2848006,18.39914728,57.369657499999995,5609.241567,18.39329444,1089.454327,1
129,54.85145556,65.09166894,16.55782189,18.44125583,49.79434487,159.21837130000003,106.38795420000001,29.23071067,26.59901654,92.26886468,77.09749069,16.92184535,122.0065676,18.25177666,425.42087010000006,294.62539960000004,400.8887161,50.57515741,61.18872785,41.17086914,50.99772553,137.1126624,33.37678293,87.60923202,55.70372882,23.68851737,33.65542103,78.16690442,8.349929402999999,498.33324060000007,141.03359,94.69057963,12459.77158,852.7683002999999,153.2190637,6.726378672,19.16232883,62.32249129,5.9968587829999995,91.41880149,29.75443875,67.49833453,18.92942916,61.48182138,52.26441155,20.50113673,54.59424599,5437.809893,16.87781219,930.7868381000001,1
130,46.46137676,38.30232332,15.19855225,27.310333,37.35951963,114.26462340000002,294.0698364,18.15482351,20.14011478,66.83796947,118.081652,34.04596688,202.7709262,17.98686686,512.2399628000001,221.8032969,464.6697763,26.15830218,65.23706627,28.24265866,35.92922721,191.469661,27.17808687,83.25851952,44.87736299,24.13771158,29.592793800000003,68.92163398,10.22666612,418.93046739999994,162.32574269999998,84.13178216,10741.88827,941.6512292000001,185.6146793,8.838312855,18.74548178,89.92310831,8.099742254,79.13148904,31.14926032,61.44458632,16.59142619,60.28670604,31.76466722,39.39793202,30.24422946,6069.197276,13.07406618,1389.625097,1
131,49.12351873,55.58258396,17.27627163,22.78094991,39.42057732,187.3834854,615.6983961,18.55404705,20.25213358,84.48416178,78.4547015,31.066181099999998,204.60094519999998,18.15547789,553.0963457,284.070262,463.7922813999999,33.18195537,56.1956674,30.5395733,37.59625355,217.75574930000002,32.00991631,80.19575681,56.10708284,28.68924307,27.30015051,59.94231926,11.04160507,426.200655,157.6534575,80.33339818,11971.19871,795.7458954,143.16271509999999,6.690017571,18.21879959,120.46097240000002,6.630248761,68.60876537,23.86625009,61.78090074,16.34903978,51.64182211,49.86857247,28.73961838,30.54149969,5573.199183,15.98481343,1642.240836,1
132,37.7910841,51.08004886,15.19403348,29.02769276,35.74193906,208.72491330000003,393.0993042,20.54463793,18.65765802,60.40453659,100.14135,37.20923952,177.3696059,17.40255223,483.32640369999996,261.3586323,531.0864826999999,35.77683848,46.84759235,28.69333986,39.22794894,231.377858,26.403440000000003,74.9852535,38.71079416,18.981893399999997,30.77092697,55.97873576,11.52599185,398.80066360000006,153.73970549999999,70.31190122,11007.42962,981.8535208999999,171.8376073,6.445489823,13.36450965,132.6444038,6.792016671,61.67030174,22.06864276,64.66302076,19.38934281,62.32059058,44.06896167,18.9086833,29.77032363,4708.526715999999,15.65971444,1321.4718699999999,1
133,48.55887187,62.45451644,21.57584265,26.4336547,46.65979294,166.3044543,212.3518695,23.16312501,27.7855328,91.32272475,126.3668291,43.51654159,439.8223171,19.19459214,474.7960097,233.32627999999997,665.0712055,44.31809611,60.97166339,34.7717796,41.14547862,200.024374,41.82811272,76.14529549999999,59.37093795,25.74402987,40.073288500000004,63.7910889,12.95992083,418.53544589999996,225.6426539,85.90010561,13351.55356,1152.059888,145.4340226,7.979077726,16.31051013,162.4426885,5.4605830420000006,72.42073933,30.41584121,68.50222768,15.27411621,48.52472057,55.10670647,30.33385604,32.19969237,5564.359821999999,16.34046349,2051.111209,1
134,74.0790658,60.49567086,15.49183354,21.4159534,42.40445686,140.9264889,302.2255877,24.59262789,20.49041075,85.57597978,72.6868258,20.641115,144.69437219999998,17.81572143,686.1746415,320.53564730000005,368.6995895,45.88694961,55.99666493,34.36973922,51.20181335,186.87710239999998,40.95390171,74.80381788,66.21416608,19.86279856,39.95696224,68.74896075,10.42072682,529.8132081,110.60286909999999,75.9634224,12792.49457,506.5356502,98.89200604,6.014171465,15.71600907,71.46668674,7.310540121,68.11279835,28.09606145,74.2125873,19.47637124,44.87359925,57.60858831,19.33919717,42.77692875,6187.839237,16.09789338,1173.6935039999998,1
135,41.33838151,53.43977395,17.195069,36.82051754,39.12671271,140.7108728,150.9528306,19.74272189,21.76351985,88.4364985,94.91150016,29.58073511,244.31116740000002,19.53475153,503.6040238,185.68519740000002,468.8907472,34.03343819,48.7529293,30.15098021,47.2213375,225.13897180000004,35.40901975,54.024915299999996,56.95793747,23.756921600000002,31.88767486,62.82335129,11.60213173,379.4034533,156.4321244,86.74958795,12153.71714,830.4088449,133.0183066,6.039424161,16.90303025,174.4502676,6.862760463,61.59447319,26.26719059,63.39468566,17.72432769,56.60956764,42.39346548,28.20537083,33.53723861,5289.772641,17.370146300000002,1666.597493,1
136,29.50451831,56.70963635,13.14026987,27.19729,31.31065969,183.4930996,233.8769707,18.83824941,17.97206152,67.13917945,96.18193195,36.37068015,164.8482773,18.37537771,486.22491119999995,357.26233179999997,473.937826,27.68850012,55.11469024,34.21374207,34.06794451,169.56880780000003,23.08554681,79.05944926,34.52529891,17.97206152,30.0207268,60.66661875,10.66512522,414.2879361,149.6962219,66.0517097,12801.18726,704.3804217999999,127.5131301,6.2376603589999995,13.09037027,111.2156496,7.693419625,62.69376211,22.07532848,47.96938373,18.55789279,55.23470044,43.83839273,26.32192324,32.37766409,5610.719213,9.574445922,1141.899526,1
137,57.79376689,60.2309872,17.84033746,12.89782594,43.10056869,146.3241411,198.78195669999997,21.87420986,21.6277398,89.41128334,75.97727162,33.20201742,163.2203352,20.38522535,575.4760190000001,352.2195065,358.55186210000005,42.13303683,57.92446865,38.91334244,34.27548084,164.2505055,39.45187602,54.78560623,53.014716799999995,22.86403302,38.22726288,72.05791486,9.356500262,430.2731484,125.60673390000001,75.11140085,12846.25305,673.8627649,98.51448769,6.4437655320000005,18.04897495,63.6418999,6.970045142999999,70.58193124,30.85430729,61.31597112,20.33513974,51.6966181,46.97098687,20.70193906,38.66193661,4178.762355,20.72531322,1000.6203619999999,1
138,47.61581760000001,55.13222802,19.4639552,17.1387858,48.93429467,171.5623295,164.0178476,19.9289252,16.0810533,82.05418431,65.98311579,34.14551054,216.23766080000001,22.98949707,541.8933002,280.9516378,397.74445289999994,42.97146328,58.59915679,30.85013719,46.01900865,226.3157219,32.35314374,68.91771672,54.95112072,21.60462074,31.05748281,58.0380845,10.2114724,412.9539213,153.509699,65.2427641,12473.3382,929.4471351,125.05084529999999,6.279279367999999,16.94054049,107.2465182,6.75820447,53.56734918,26.65194654,59.21468099,19.57968975,57.50330611,48.67408657,26.80839605,38.52996579,4818.338384000001,15.65809721,1403.701052,1
139,44.453773999999996,48.90208254,21.81266289,23.44613151,39.03493602,170.66932849999998,248.8448984,19.51146229,19.49536148,82.13179935,68.41173909,33.06224993,134.432579,23.1898567,484.7771874,260.18536409999996,441.26423200000005,39.32620317,56.596973399999996,33.44804536,44.0830152,221.0063482,34.80626249,64.66557561,51.41569806,19.9800737,29.71354845,59.04786534,9.852378137,419.55699569999996,134.2042919,77.07504919,12763.26664,635.7487896,119.45645470000001,7.25633469,16.90936995,76.86670918,5.2110279760000005,59.48029922,29.03570181,71.10055913,15.184684200000001,55.01114399,48.67806785,21.577757000000002,32.94352435,5243.302261,17.42349331,990.7031301000001,1
140,52.16784741,51.52508233,16.83894678,20.18017807,45.30414037,154.1029853,38.80998579999999,26.2495539,20.65277877,113.4474994,85.91362258,27.26981485,136.33914209999998,19.0157772,525.5134941,286.7413191,597.2110296,45.441230600000004,63.40026652,39.54260469,58.21633046,187.777058,38.50166684,51.57242574,57.65652572,28.50244941,31.27068679,68.31777101,8.534880774,436.18156919999996,170.7566554,95.06504099,12559.83595,1286.61081,179.03799809999998,6.687676211,20.24834375,114.0468666,6.683236834,91.1701093,29.87782037,70.15149771,23.00374747,56.44430026,68.41643377,26.38481568,49.58782353,5569.105856,17.67459191,1456.489918,1
141,54.22228476,54.95912004,16.41793756,22.27774033,46.45293992,142.7690054,124.66865770000001,22.03668028,26.22349369,90.61129543,75.07137488,21.14386187,162.5455219,22.56985117,658.034767,243.73607709999996,349.2712299,51.80785687,58.06194516,45.21626748,47.17187364,217.8366665,32.83619375,71.83743831,56.17031545,22.05468118,36.44967384,82.98559363,10.4373966,463.2062791,152.94307759999998,77.67309240000002,12191.85475,615.7769267000001,75.64532399,8.040498782,23.56686581,73.46814789,6.673636001,64.5326784,29.695450199999996,82.17279877,21.18534914,47.81280034,48.47762112,22.48512501,36.59891565,5043.991049,19.88596958,1205.662169,1
142,50.59609019,62.25574193,18.60856628,15.85006663,46.54695862,182.9257039,153.86987549999998,25.12162703,20.25888684,100.5478205,109.506523,28.03013913,223.4315333,17.97521348,510.7933739,229.15468959999998,555.4860996,43.35612756,60.58459091,32.83992666,45.78937601,151.1273539,44.45026146,62.30944666,59.43640697,27.540541100000002,33.92784754,55.84046306,11.17643366,487.9024779,152.54329950000002,86.13078052,13719.5924,1051.891364,129.792661,6.66785624,19.58103339,116.1040108,7.121059957999999,76.87097170000001,36.57926039,68.82691782,22.8219949,52.97214413,43.78215312,31.825074800000003,42.99184143,5223.6408759999995,17.7068294,1266.858782,1
143,43.56030046,51.62142277,17.93285145,30.5798198,32.30465136,142.3411513,185.22011830000002,16.35769994,22.29650996,71.95883876,105.9550838,31.79286224,228.1655231,17.38451604,512.6360051,352.3855608,599.8841071,36.95967076,62.15208997,26.79526168,45.77297001,213.4317505,30.47518344,55.29886636,51.53201141,19.83173509,34.02105559,52.78067881,10.22755223,394.4375251,152.8039471,87.77681393,12470.83115,948.724241,153.6562884,7.2614718389999995,13.22245353,118.8336821,6.057166211,68.11964446,28.25538614,56.6842097,14.50592108,66.61499229,47.19957618,33.51346613,30.41660019,4914.673974,13.62433586,1634.495851,1
144,47.23449733,53.41936791,16.91019041,24.05406806,29.70632019,181.1282794,335.104442,16.86313657,21.39166689,62.45906208,83.93595301,30.62903481,243.3938661,16.43706717,446.6915025,276.5629333,433.1818541999999,42.18707038,54.67092954,28.22686499,41.05212507,198.2116569,33.39818969,76.10007656,58.72585876,17.52179898,31.41259012,50.56649932,9.954487212,366.4463032,143.03456369999998,66.15283134,11907.72344,719.1595167,124.36648999999998,6.644999081,13.06471728,126.09384109999999,6.78395688,48.36270386,24.34512495,70.59523973,14.84412346,48.98489355,49.0899911,22.40037532,31.60243897,5354.996809,15.19114807,1260.831702,1
145,46.92702186,47.33331303,20.16851559,23.80899798,36.62832948,166.96038240000001,97.75455343,18.53457334,21.42269383,76.08082577,101.58453670000002,27.4922485,184.39631310000001,17.03677076,485.6385039,300.3312942,480.7336562,43.30137704,54.05488138,31.0281118,45.01219457,193.7331464,30.42851452,59.89522138,50.74901796,24.2287992,29.11882023,53.59405235,10.25587018,397.1741725,150.3460339,76.03232484,13636.53986,1074.373567,177.3421917,6.503588604,16.20764978,155.8319233,5.517998252999999,60.44554049,26.30649252,67.70605708,15.64609799,59.02855007,53.12404146,16.78420152,33.17310156,5777.3012149999995,16.31952317,1629.6088439999999,1
146,44.67423129,54.63600151,23.21949998,24.34153089,36.60033631,147.07344780000003,438.4522734,19.43154892,21.29754156,75.76050278,74.65660507,35.78668488,258.6560273,19.6454594,446.06681100000003,256.91440980000004,473.5424666,36.71467693,54.3304089,32.2539959,45.01235057,166.8939677,32.64897965,61.19890777,60.12457976,22.9183615,30.94627805,55.25706386,9.468631971,375.6145139,155.2182087,75.23301484,13181.71077,741.7190433999999,142.11864219999998,6.589792325,15.10704934,93.9571469,6.323279541000001,64.26565367,28.87059629,69.21380916,16.49001722,44.3718254,54.49526587,27.58073503,30.01456804,5782.228875,15.27751508,1459.076691,1
